,name_x,name_y,value,source,target
0,KK101,NJW1004,924,0.0,319.0
1,whgu0172,immd0237,29,1.0,2.0
2,whgu0172,clme0240,9,1.0,3.0
3,whgu0172,whgu0378,2,1.0,4.0
4,whgu0172,whgu0274,4,1.0,5.0
5,whgu0172,clme0220,6,1.0,38.0
6,immd0237,clme0240,31,2.0,3.0
7,immd0237,whgu0378,15,2.0,4.0
8,immd0237,whgu0274,7,2.0,5.0
9,immd0237,clme0220,6,2.0,38.0
10,clme0240,whgu0378,7,3.0,4.0
11,clme0240,whgu0274,3,3.0,5.0
12,clme0240,clme0220,2,3.0,38.0
13,whgu0378,whgu0274,12,4.0,5.0
14,whgu0378,clme0220,2,4.0,38.0
15,whgu0274,clme0220,2,5.0,38.0
16,KH387,CJW53,5,6.0,137.0
17,radi0003,clme0975,10,7.0,31.0
18,HL316,SR504,9,8.0,394.0
19,ndos0461,gree1192,2,9.0,10.0
20,ndos0461,DEN22,75,9.0,11.0
21,ndos0461,AA461,16,9.0,12.0
22,ndos0461,DFE20,15,9.0,72.0
23,gree1192,DEN22,8,10.0,11.0
24,gree1192,AA461,15,10.0,12.0
25,gree1192,DFE20,17,10.0,72.0
26,DEN22,AA461,27,11.0,12.0
27,DEN22,DFE20,28,11.0,72.0
28,AA461,DFE20,46,12.0,72.0
29,CC234,AMD24,12,13.0,14.0
30,CC234,HME22,30,13.0,15.0
31,CC234,PP10001,68,13.0,16.0
32,CC234,QG209,11,13.0,17.0
33,CC234,DFE20,15,13.0,72.0
34,AMD24,HME22,7,14.0,15.0
35,AMD24,PP10001,168,14.0,16.0
36,AMD24,QG209,9,14.0,17.0
37,AMD24,DFE20,160,14.0,72.0
38,HME22,PP10001,20,15.0,16.0
39,HME22,QG209,7,15.0,17.0
40,HME22,DFE20,3,15.0,72.0
41,PP10001,QG209,17,16.0,17.0
42,PP10001,DFE20,210,16.0,72.0
43,QG209,DFE20,14,17.0,72.0
44,cschof,wolf1833,20,18.0,212.0
45,st321,JDB1003,5,19.0,103.0
46,MEW10,YYSH2,2,20.0,414.0
47,raob0097,clme0667,8,21.0,106.0
48,KBK21,NJW1004,4,22.0,319.0
49,card0025,card0018,33,23.0,24.0
50,card0025,card0039,51,23.0,25.0
51,card0025,bioc0192,14,23.0,94.0
52,card0018,card0039,64,24.0,25.0
53,card0018,bioc0192,142,24.0,94.0
54,card0039,bioc0192,61,25.0,94.0
55,raob0072,raob0168,2,26.0,192.0
56,clme0494,wolf1917,13,27.0,195.0
57,TDF21,FIA20,41,28.0,360.0
58,immd0151,clme0237,29,29.0,77.0
59,chri0963,phys0101,17,30.0,33.0
60,clme0975,clme0220,13,31.0,38.0
61,CC234,CJW53,4,13.0,137.0
62,clab0035,clme0135,2,32.0,37.0
63,DEN22,GL290,14,11.0,297.0
64,phys0101,chri0963,32,33.0,30.0
65,phys0101,bioc0212,3,33.0,247.0
66,chri0963,bioc0212,3,30.0,247.0
67,immd0316,clme0220,17,34.0,38.0
68,FMW22,SJG49,4,35.0,36.0
69,FMW22,jau20,16,35.0,429.0
70,SJG49,jau20,10,36.0,429.0
71,clme0135,clme0220,8,37.0,38.0
72,clme0135,ndos0097,2,37.0,430.0
73,clme0220,ndos0097,4,38.0,430.0
74,OAS23,JJB12,21,39.0,345.0
75,whgu0142,clme0497,13,40.0,41.0
76,whgu0142,ndos0159,9,40.0,388.0
77,clme0497,ndos0159,5,41.0,388.0
78,path0041,smlea,6,42.0,128.0
79,KMB1001,FAG1000,21,43.0,44.0
80,KMB1001,SEB53,14,43.0,436.0
81,FAG1000,SEB53,7,44.0,436.0
82,SVL1000,DSCJ1,6,45.0,46.0
83,SVL1000,PJB91,8,45.0,47.0
84,SVL1000,RMM32,24,45.0,48.0
85,SVL1000,JDB1003,4,45.0,103.0
86,DSCJ1,PJB91,6,46.0,47.0
87,DSCJ1,RMM32,6,46.0,48.0
88,DSCJ1,JDB1003,6,46.0,103.0
89,PJB91,RMM32,9,47.0,48.0
90,PJB91,JDB1003,4,47.0,103.0
91,RMM32,JDB1003,4,48.0,103.0
92,stat0004,stat0059,11,49.0,50.0
93,stat0004,hert0418,7,49.0,311.0
94,stat0059,hert0418,3,50.0,311.0
95,MEW10,MMO25,12,20.0,363.0
96,clne0013,clne0024,3,51.0,140.0
97,gree1192,KK101,205,10.0,0.0
98,molb0002,path0642,17,52.0,53.0
99,molb0002,bioc0756,2,52.0,227.0
100,path0642,bioc0756,2,53.0,227.0
101,immd0556,immd0700,11,54.0,55.0
102,immd0556,path0511,12,54.0,60.0
103,immd0700,path0511,11,55.0,60.0
104,gree1192,gree1499,57,10.0,73.0
105,raob0069,raob0095,28,56.0,61.0
106,clme0975,ndos0097,2,31.0,430.0
107,EAM29,SB10031,6,57.0,141.0
108,CC234,MDT33,5,13.0,58.0
109,CC234,RCF29,19,13.0,105.0
110,MDT33,RCF29,6,58.0,105.0
111,immd0082,path0511,3,59.0,60.0
112,immd0082,immd0330,3,59.0,167.0
113,path0511,immd0330,8,60.0,167.0
114,raob0095,clme0670,4,61.0,62.0
115,raob0095,raob0069,16,61.0,56.0
116,clme0670,raob0069,5,62.0,56.0
117,whgu0378,immd0237,4,4.0,2.0
118,cschof,claridge,52,18.0,97.0
119,whgu0172,cschof,22,1.0,18.0
120,immd0237,cschof,43,2.0,18.0
121,cschof,clme0240,10,18.0,3.0
122,NGB21,MAP1001,8,63.0,335.0
123,ctsu0084,ctsu0052,8,64.0,193.0
124,clme0149,bioc0208,6,65.0,276.0
125,st321,SS861,10,19.0,66.0
126,st321,MN332,6,19.0,295.0
127,SS861,MN332,6,66.0,295.0
128,immd0237,whgu0256,21,2.0,67.0
129,immd0237,immd0082,5,2.0,59.0
130,whgu0256,whgu0378,2,67.0,4.0
131,whgu0256,immd0082,2,67.0,59.0
132,whgu0378,immd0082,5,4.0,59.0
133,immd0024,immd0282,10,68.0,181.0
134,SP577,CW209,28,69.0,70.0
135,SP577,SJP58,8,69.0,241.0
136,CW209,SJP58,21,70.0,241.0
137,clme0149,path0089,10,65.0,113.0
138,ACA20,DFE20,112,71.0,72.0
139,ACA20,MDT33,44,71.0,58.0
140,DFE20,MDT33,40,72.0,58.0
141,gree1499,KK101,80,73.0,0.0
142,NC109,MJM16,45,74.0,377.0
143,gree0989,clme0845,117,75.0,148.0
144,NGB21,AMD24,24,63.0,14.0
145,NGB21,PP10001,12,63.0,16.0
146,clme0169,clme0832,50,76.0,254.0
147,whgu0378,clme0237,15,4.0,77.0
148,whgu0378,quee1607,9,4.0,78.0
149,whgu0378,raob0189,2,4.0,79.0
150,whgu0378,stat0004,2,4.0,49.0
151,whgu0378,stat0054,11,4.0,252.0
152,clme0237,quee1607,8,77.0,78.0
153,clme0237,raob0189,2,77.0,79.0
154,clme0237,stat0004,2,77.0,49.0
155,clme0237,stat0054,11,77.0,252.0
156,quee1607,raob0189,2,78.0,79.0
157,quee1607,stat0004,2,78.0,49.0
158,quee1607,stat0054,10,78.0,252.0
159,raob0189,stat0004,2,79.0,49.0
160,raob0189,stat0054,2,79.0,252.0
161,stat0004,stat0054,12,49.0,252.0
162,raob0189,raob0069,1,79.0,56.0
163,raob0189,raob0095,1,79.0,61.0
164,ctsu0084,gree0184,60,64.0,101.0
165,SP580,CJW53,10,80.0,137.0
166,clme0219,immd0100,5,81.0,82.0
167,clme0219,immd0023,7,81.0,201.0
168,immd0100,immd0023,6,82.0,201.0
169,immd0556,immd0024,4,54.0,68.0
170,immd0024,path0511,19,68.0,60.0
171,AB149,TK106,14,83.0,386.0
172,MF364,SB674,18,84.0,188.0
173,clme0220,clab0025,11,38.0,210.0
174,AB454,DRS36,9,85.0,331.0
175,LV225,RALP2,18,86.0,372.0
176,DFE20,NJW1004,23,72.0,319.0
177,raob0095,chem0068,2,61.0,162.0
178,clme0670,chem0068,2,62.0,162.0
179,CEM45,AS889,2,87.0,88.0
180,CEM45,EJB60,4,87.0,89.0
181,CEM45,AJW1000,2,87.0,90.0
182,CEM45,ARG1000,6,87.0,91.0
183,CEM45,cattc107,2,87.0,491.0
184,AS889,EJB60,2,88.0,89.0
185,AS889,AJW1000,4,88.0,90.0
186,AS889,ARG1000,4,88.0,91.0
187,AS889,cattc107,2,88.0,491.0
188,EJB60,AJW1000,2,89.0,90.0
189,EJB60,ARG1000,16,89.0,91.0
190,EJB60,cattc107,4,89.0,491.0
191,AJW1000,ARG1000,2,90.0,91.0
192,AJW1000,cattc107,2,90.0,491.0
193,ARG1000,cattc107,8,91.0,491.0
194,immd0084,immd0023,9,92.0,201.0
195,clme0149,immd0084,4,65.0,92.0
196,clme0149,immd0023,4,65.0,201.0
197,SPJ13,JVF21,22,93.0,493.0
198,card0039,card0018,15,25.0,24.0
199,bioc0192,card0018,43,94.0,24.0
200,clab0101,clab0035,60,95.0,32.0
201,HME22,RDB39,2,15.0,96.0
202,HME22,JDB1003,13,15.0,103.0
203,RDB39,JDB1003,2,96.0,103.0
204,ctsu0084,gree1024,2,64.0,200.0
205,immd0237,clme0237,6,2.0,77.0
206,immd0237,stat0054,6,2.0,252.0
207,claridge,cschof,12,97.0,18.0
208,clme0975,radi0003,13,31.0,7.0
209,cschof,univ1923,26,18.0,98.0
210,univ1923,wolf1833,9,98.0,212.0
211,CC234,SC10021,38,13.0,168.0
212,PP10001,SC10021,3,16.0,168.0
213,ARV22,SD642,2,99.0,500.0
214,immd0700,immd0556,9,55.0,54.0
215,path0511,immd0556,14,60.0,54.0
216,immd0031,clme0135,2,100.0,37.0
217,immd0031,cschof,2,100.0,18.0
218,immd0031,clme0220,5,100.0,38.0
219,clme0135,cschof,2,37.0,18.0
220,cschof,clme0220,2,18.0,38.0
221,gree0184,darby,12,101.0,182.0
222,HME22,DJL15,2,15.0,102.0
223,HME22,JG477,2,15.0,104.0
224,HME22,mjg40,2,15.0,190.0
225,DJL15,JDB1003,2,102.0,103.0
226,DJL15,JG477,4,102.0,104.0
227,DJL15,mjg40,31,102.0,190.0
228,JDB1003,JG477,2,103.0,104.0
229,JDB1003,mjg40,2,103.0,190.0
230,JG477,mjg40,4,104.0,190.0
231,RCF29,PHJ20,4,105.0,196.0
232,PP10001,AA461,28,16.0,12.0
233,PP10001,KK101,32,16.0,0.0
234,AA461,KK101,23,12.0,0.0
235,clme0667,raob0270,6,106.0,107.0
236,clme0667,NGB21,5,106.0,63.0
237,raob0270,NGB21,7,107.0,63.0
238,ERC24,RSJ33,8,108.0,109.0
239,ERC24,PHM29,2,108.0,300.0
240,RSJ33,PHM29,2,109.0,300.0
241,orms0061,clme0497,2,110.0,41.0
242,orms0061,clme1037,2,110.0,111.0
243,orms0061,clme0494,2,110.0,27.0
244,orms0061,ndos0168,2,110.0,136.0
245,clme0497,clme1037,4,41.0,111.0
246,clme0497,clme0494,4,41.0,27.0
247,clme0497,ndos0168,2,41.0,136.0
248,clme1037,clme0494,4,111.0,27.0
249,clme1037,ndos0168,2,111.0,136.0
250,clme0494,ndos0168,2,27.0,136.0
251,DIJ21,FR269,12,112.0,215.0
252,SVL1000,IRB21,35,45.0,183.0
253,path0089,path0084,10,113.0,238.0
254,bioc0188,univ0247,11,114.0,240.0
255,whgu0378,DEN22,2,4.0,11.0
256,whgu0378,CF366,3,4.0,382.0
257,DEN22,CF366,4,11.0,382.0
258,ctsu0165,ctsu0084,2,115.0,64.0
259,ctsu0165,ctsu0052,36,115.0,193.0
260,stat0004,lina0435,33,49.0,166.0
261,AHG13,GMT11,39,116.0,389.0
262,radi0003,clme0220,4,7.0,38.0
263,clme0220,darby,2,38.0,182.0
264,card0027,card0018,36,117.0,24.0
265,VJG29,DEN22,9,118.0,11.0
266,VJG29,JG477,2,118.0,104.0
267,VJG29,TB507,12,118.0,385.0
268,DEN22,JG477,4,11.0,104.0
269,DEN22,TB507,4,11.0,385.0
270,JG477,TB507,4,104.0,385.0
271,immd0151,immd0330,8,29.0,167.0
272,chem0489,clme0497,15,119.0,41.0
273,chem0489,clme1358,12,119.0,157.0
274,clme0497,clme1358,29,41.0,157.0
275,gree1192,NJW1004,153,10.0,319.0
276,clme0946,clme0670,2,120.0,62.0
277,clme0946,ndos0532,4,120.0,368.0
278,clme0670,ndos0532,2,62.0,368.0
279,xxxx0009,donc0120,9,121.0,213.0
280,clme0667,raob0096,1,106.0,122.0
281,clme0667,donc0120,1,106.0,213.0
282,raob0096,raob0270,3,122.0,107.0
283,raob0096,donc0120,1,122.0,213.0
284,raob0270,donc0120,4,107.0,213.0
285,anat0116,clme0220,1,123.0,38.0
286,phpc0084,stat0059,2,124.0,50.0
287,raob0009,raob0051,15,125.0,153.0
289,claridge,dplb0149,2,97.0,130.0
290,clme0993,raob0096,2,127.0,122.0
291,smlea,path0041,11,128.0,42.0
292,EDL1,HRM28,2,129.0,147.0
293,dplb0149,bioc0541,9,130.0,135.0
294,JLG40,EAM29,8,131.0,57.0
295,whgu0210,immd0024,2,132.0,68.0
296,whgu0210,immd0282,2,132.0,181.0
297,ARV22,DRS36,23,99.0,331.0
298,dplb0149,chem0068,2,130.0,162.0
299,clph0059,engs0475,13,133.0,145.0
300,card0039,bioc0416,5,25.0,134.0
301,card0039,bioc0541,12,25.0,135.0
302,card0039,clme0670,3,25.0,62.0
303,bioc0192,bioc0416,2,94.0,134.0
304,bioc0192,bioc0541,2,94.0,135.0
305,bioc0192,clme0670,2,94.0,62.0
306,bioc0416,bioc0541,35,134.0,135.0
307,bioc0416,clme0670,2,134.0,62.0
308,bioc0541,clme0670,2,135.0,62.0
309,AMD24,ACA20,22,14.0,71.0
310,PP10001,ACA20,41,16.0,71.0
311,whgu0274,whgu0378,7,5.0,4.0
312,clab0035,clab0101,84,32.0,95.0
313,claridge,bioc0541,6,97.0,135.0
314,ndos0168,RNS13,2,136.0,318.0
315,SP580,PAK29,4,80.0,367.0
316,CJW53,PAK29,11,137.0,367.0
317,TGQE2,VJG29,2,138.0,118.0
318,TGQE2,DFE20,2,138.0,72.0
319,TGQE2,NJW1004,2,138.0,319.0
320,DIJ21,RDB39,2,112.0,96.0
321,card0027,clme0946,2,117.0,120.0
322,whgu0172,raob0121,10,1.0,178.0
323,DMG25,PPD21,8,139.0,260.0
324,LV225,RK385,2,86.0,267.0
325,clne0024,card0018,2,140.0,24.0
326,clne0024,card0039,2,140.0,25.0
327,clne0024,bioc0192,2,140.0,94.0
328,SPJ13,CS681,12,93.0,545.0
329,clme0670,clme0946,2,62.0,120.0
330,cschof,clme0485,15,18.0,248.0
331,SB10031,x_b03,13,141.0,291.0
332,raob0096,clme0670,2,122.0,62.0
333,raob0096,clme0667,2,122.0,106.0
334,clme0670,clme0667,16,62.0,106.0
335,clne0102,clne0013,23,142.0,51.0
336,gree0989,gree0184,10,75.0,101.0
337,gree0184,clme0845,11,101.0,148.0
338,immd0106,card0018,7,143.0,24.0
339,GIE20,TDL2,14,144.0,338.0
340,engs0475,clph0059,20,145.0,133.0
341,ACA20,KBK21,27,71.0,22.0
342,DFE20,KBK21,23,72.0,22.0
343,KBK21,MDT33,15,22.0,58.0
344,clab0101,clme0220,2,95.0,38.0
345,GM290,NC109,4,146.0,74.0
346,HRM28,DO202,14,147.0,381.0
347,clme0845,gree0989,14,148.0,75.0
348,cschof,clme0621,5,18.0,169.0
349,PG336,MAS1001,7,149.0,308.0
350,clne0009,clme0169,2,150.0,76.0
351,AMD24,HS310,2,14.0,151.0
352,AMD24,MDT33,6,14.0,58.0
353,PP10001,HS310,76,16.0,151.0
354,PP10001,MDT33,14,16.0,58.0
355,HS310,ACA20,20,151.0,71.0
356,HS310,DFE20,32,151.0,72.0
357,HS310,MDT33,6,151.0,58.0
358,gree0989,gree1192,12,75.0,10.0
359,gree0989,gree1499,17,75.0,73.0
360,gree1192,clme0845,11,10.0,148.0
361,clme0845,gree1499,11,148.0,73.0
362,APJ10,KSL23,10,152.0,249.0
363,raob0051,raob0009,33,153.0,125.0
364,whgu0385,path0002,2,154.0,561.0
365,whgu0378,clme0975,12,4.0,31.0
367,engs0270,phpc0084,3,156.0,124.0
368,clme1358,clme0497,17,157.0,41.0
369,JHG21,mjg40,51,158.0,190.0
370,clme0993,whgu0378,2,127.0,4.0
371,BJPH2,SA263,6,159.0,160.0
372,BJPH2,ARG1000,8,159.0,91.0
373,SA263,ARG1000,4,160.0,91.0
374,REC11,CJW53,6,161.0,137.0
375,clme0667,clme0670,16,106.0,62.0
376,chem0068,claridge,4,162.0,97.0
377,card0018,card0027,6,24.0,117.0
378,card0018,bioc0212,22,24.0,247.0
379,card0027,bioc0212,10,117.0,247.0
380,KMB1001,DTF1000,2,43.0,163.0
381,KMB1001,AD596,2,43.0,364.0
382,DTF1000,AD596,2,163.0,364.0
383,gree1499,NJW1004,69,73.0,319.0
384,claridge,newc0612,4,97.0,237.0
385,NC109,IJG25,14,74.0,226.0
386,ARV22,SB10031,2,99.0,141.0
387,ndos0168,clme0485,2,136.0,248.0
388,clme0670,clme0220,2,62.0,38.0
389,immd0218,immd0031,4,164.0,100.0
390,whgu0142,clme0494,6,40.0,27.0
391,clme0494,clme0497,2,27.0,41.0
392,AMD24,KK101,24,14.0,0.0
393,DFE20,KK101,43,72.0,0.0
394,clme1037,whgu0142,7,111.0,40.0
395,dplb0149,univ1923,3,130.0,98.0
396,immd0082,clme0195,4,59.0,175.0
397,immd0237,clme1358,6,2.0,157.0
398,cschof,clme1358,12,18.0,157.0
399,clme0240,clme1358,2,3.0,157.0
400,immd0680,immd0282,2,165.0,181.0
401,SP577,MN332,2,69.0,295.0
402,CW209,MN332,2,70.0,295.0
403,AMD24,DEN22,6,14.0,11.0
404,AMD24,AA461,6,14.0,12.0
405,AMD24,jgd29,20,14.0,358.0
406,PP10001,DEN22,15,16.0,11.0
407,PP10001,jgd29,24,16.0,358.0
408,DEN22,KK101,8,11.0,0.0
409,DEN22,jgd29,6,11.0,358.0
410,AA461,jgd29,6,12.0,358.0
411,DFE20,jgd29,26,72.0,358.0
412,KK101,jgd29,8,0.0,358.0
413,gree0184,gree0989,11,101.0,75.0
414,lina0435,immd0036,5,166.0,217.0
415,PP10001,DIJ21,3,16.0,112.0
416,immd0330,immd0151,2,167.0,29.0
417,immd0330,clme0237,5,167.0,77.0
418,CC234,JDB1003,17,13.0,103.0
419,CC234,NR343,6,13.0,375.0
420,SC10021,JDB1003,8,168.0,103.0
421,SC10021,NR343,4,168.0,375.0
422,JDB1003,NR343,4,103.0,375.0
423,whgu0378,AMD24,51,4.0,14.0
424,whgu0378,PP10001,54,4.0,16.0
425,whgu0378,DFE20,51,4.0,72.0
426,GIE20,NMS39,8,144.0,578.0
427,clme0621,clne0009,2,169.0,150.0
428,gree1192,gree0989,6,10.0,75.0
429,gree1499,clme0845,3,73.0,148.0
430,path0204,ocms0064,3,170.0,266.0
431,whgu0172,clme0670,2,1.0,62.0
432,SDT36,KH387,2,171.0,6.0
433,clme0220,immd0316,59,38.0,34.0
434,whgu0172,immd0106,2,1.0,143.0
435,MPW1001,PJL30,16,172.0,265.0
436,TLB20,CA26,24,173.0,185.0
437,FMW22,GL290,12,35.0,297.0
438,gree0989,gree1024,10,75.0,200.0
439,clme0845,gree1024,5,148.0,200.0
440,KK101,SJG49,25,0.0,36.0
441,SJG49,NJW1004,99,36.0,319.0
442,gree0184,ctsu0084,10,101.0,64.0
443,PP10001,RCF29,5,16.0,105.0
444,KDH29,JDB1003,4,174.0,103.0
445,KDH29,cattc107,2,174.0,491.0
446,JDB1003,cattc107,2,103.0,491.0
447,phpc0084,prhc0003,3,124.0,223.0
448,phys0101,clme0220,9,33.0,38.0
449,chri0963,clme0220,12,30.0,38.0
450,raob0072,clme0975,7,26.0,31.0
451,whgu0378,immd0421,7,4.0,256.0
452,clme0195,immd0082,7,175.0,59.0
453,whgu0378,raob0270,7,4.0,107.0
454,FVG20,SPJ13,2,176.0,93.0
455,FVG20,FAG1000,2,176.0,44.0
456,FVG20,JVF21,2,176.0,493.0
457,SPJ13,FAG1000,2,93.0,44.0
458,FAG1000,JVF21,2,44.0,493.0
459,JG473,KC370,11,177.0,303.0
460,raob0121,whgu0172,2,178.0,1.0
461,DEN22,AL499,17,11.0,387.0
462,whgu0256,clme0220,9,67.0,38.0
463,KMB1001,APD10,2,43.0,179.0
464,KMB1001,JHFR2,2,43.0,294.0
465,APD10,FAG1000,2,179.0,44.0
466,APD10,JHFR2,4,179.0,294.0
467,FAG1000,JHFR2,2,44.0,294.0
468,clme0301,ndos0168,2,180.0,136.0
469,whgu0378,whgu0408,10,4.0,298.0
470,ARG1000,DGK23,22,91.0,204.0
471,path0511,immd0282,1,60.0,181.0
472,path0511,immd0700,16,60.0,55.0
473,immd0556,immd0282,1,54.0,181.0
474,immd0282,immd0700,3,181.0,55.0
475,dplb0149,claridge,9,130.0,97.0
476,whgu0172,dplb0149,3,1.0,130.0
477,clme0845,gree0184,2,148.0,101.0
478,gree0184,gree1499,4,101.0,73.0
479,darby,gree0184,2,182.0,101.0
480,darby,ctsu0265,15,182.0,264.0
481,gree0184,ctsu0265,9,101.0,264.0
482,clne0102,engs0357,10,142.0,221.0
483,IRB21,PJB91,2,183.0,47.0
484,whgu0274,card0018,5,5.0,24.0
485,whgu0274,bioc0212,5,5.0,247.0
486,JLG40,DIJ21,2,131.0,112.0
487,JLG40,TJ212,2,131.0,262.0
488,DIJ21,TJ212,6,112.0,262.0
489,chem0489,raob0097,4,119.0,21.0
490,TLB20,TO237,19,173.0,342.0
491,JG473,UFK20,2,177.0,184.0
492,JG473,ERC24,4,177.0,108.0
493,UFK20,ERC24,2,184.0,108.0
494,CA26,DK10012,4,185.0,233.0
495,BG200,KO268,15,186.0,187.0
496,BG200,ARG1000,20,186.0,91.0
497,KO268,ARG1000,4,187.0,91.0
498,immd0151,clab0035,2,29.0,32.0
499,MF364,DO261,4,84.0,296.0
500,SB674,DO261,4,188.0,296.0
501,whgu0085,clme0220,17,189.0,38.0
502,whgu0085,immd0316,18,189.0,34.0
503,DEN22,DJL15,2,11.0,102.0
504,DEN22,mjg40,2,11.0,190.0
505,DJL15,TB507,10,102.0,385.0
506,mjg40,TB507,2,190.0,385.0
507,FAG1000,TB507,14,44.0,385.0
508,VJG29,FAG1000,10,118.0,44.0
509,gree1499,gree1192,11,73.0,10.0
510,clme0670,bioc0416,4,62.0,134.0
511,whgu0274,immd0237,6,5.0,2.0
512,clne0024,univ1102,32,140.0,270.0
513,clme0149,immd0106,2,65.0,143.0
514,FMW22,HCM29,8,35.0,191.0
515,FMW22,EW442,4,35.0,608.0
516,HCM29,EW442,4,191.0,608.0
517,CC234,MAG62,4,13.0,609.0
518,raob0168,xxxx0009,2,192.0,121.0
519,raob0168,bras2068,2,192.0,611.0
520,xxxx0009,bras2068,6,121.0,611.0
521,AMD24,NJW1004,10,14.0,319.0
522,PP10001,NJW1004,9,16.0,319.0
523,ctsu0052,ctsu0165,9,193.0,115.0
524,UFK20,YYSH2,2,184.0,414.0
525,DMG25,acl34,2,139.0,194.0
526,acl34,PPD21,3,194.0,260.0
527,bioc0192,bioc0212,8,94.0,247.0
528,dplb0149,cschof,8,130.0,18.0
529,clme0219,path0089,2,81.0,113.0
530,clme0497,raob0005,2,41.0,362.0
531,card0027,bioc0192,7,117.0,94.0
532,CC234,AGL22,10,13.0,198.0
533,stat0059,lina0435,5,50.0,166.0
534,wolf1917,cschof,6,195.0,18.0
535,wolf1917,clme0494,5,195.0,27.0
536,cschof,clme0494,5,18.0,27.0
537,AS889,BG200,2,88.0,186.0
538,AS889,KO268,2,88.0,187.0
539,PHJ20,MPA28,13,196.0,373.0
540,TDF21,mjg40,2,28.0,190.0
541,xxxx0009,clme0670,2,121.0,62.0
542,PC245,UFK20,2,197.0,184.0
543,bioc0416,claridge,3,134.0,97.0
544,BG200,jf416,10,186.0,391.0
545,whgu0172,immd0198,5,1.0,251.0
546,CC234,st321,7,13.0,19.0
547,CC234,SS861,6,13.0,66.0
548,CC234,FM327,5,13.0,327.0
549,AGL22,st321,20,198.0,19.0
550,AGL22,SS861,8,198.0,66.0
551,AGL22,SC10021,6,198.0,168.0
552,AGL22,JDB1003,2,198.0,103.0
553,AGL22,FM327,2,198.0,327.0
554,st321,SC10021,4,19.0,168.0
555,st321,FM327,2,19.0,327.0
556,SS861,SC10021,6,66.0,168.0
557,SS861,JDB1003,2,66.0,103.0
558,SS861,FM327,2,66.0,327.0
559,SC10021,FM327,4,168.0,327.0
560,JDB1003,FM327,2,103.0,327.0
561,NGB21,TJ212,2,63.0,262.0
562,lina0435,stat0004,3,166.0,49.0
563,clme1358,olin0081,2,157.0,199.0
564,clme1358,whgu0142,2,157.0,40.0
565,clme1358,path0084,2,157.0,238.0
566,olin0081,whgu0142,2,199.0,40.0
567,olin0081,path0084,2,199.0,238.0
568,whgu0142,path0084,2,40.0,238.0
569,BG200,DGK23,6,186.0,204.0
570,card0027,KK101,25,117.0,0.0
571,card0027,NJW1004,37,117.0,319.0
572,clme0220,clme0975,6,38.0,31.0
573,gree1024,gree1499,2,200.0,73.0
574,card0018,immd0106,2,24.0,143.0
575,clme0220,clme0135,2,38.0,37.0
576,immd0023,immd0100,8,201.0,82.0
577,immd0180,clme0975,7,202.0,31.0
578,ARG1000,SJB32,2,91.0,343.0
579,ARG1000,BDS10,2,91.0,203.0
580,ARG1000,KK429,2,91.0,278.0
581,BDS10,DGK23,2,203.0,204.0
582,BDS10,KK429,2,203.0,278.0
583,DGK23,KK429,2,204.0,278.0
584,EAM29,JA219,2,57.0,286.0
585,ndos0461,ndos0532,7,9.0,368.0
586,DS139,REG53,2,205.0,371.0
587,clme0237,phpc0228,2,77.0,206.0
588,clme0237,phpc0367,2,77.0,273.0
589,phpc0228,phpc0367,6,206.0,273.0
590,KMB1001,TL347,12,43.0,224.0
591,DEN25,HL316,7,207.0,8.0
592,DEN25,SR504,5,207.0,394.0
593,dplb0149,bioc0416,7,130.0,134.0
594,claridge,bioc0416,5,97.0,134.0
595,clme0494,cschof,4,27.0,18.0
596,immd0075,clme0195,9,208.0,175.0
597,gm263,BG200,7,209.0,186.0
598,gm263,BJPH2,7,209.0,159.0
599,gm263,KO268,7,209.0,187.0
600,gm263,gsv20,2,209.0,379.0
601,BG200,BJPH2,17,186.0,159.0
602,BG200,gsv20,2,186.0,379.0
603,BJPH2,KO268,7,159.0,187.0
604,BJPH2,gsv20,8,159.0,379.0
605,KO268,gsv20,2,187.0,379.0
606,clab0025,immd0282,2,210.0,181.0
607,clab0025,clme0220,4,210.0,38.0
608,clab0025,immd0316,2,210.0,34.0
609,immd0282,clme0220,10,181.0,38.0
610,immd0282,immd0316,5,181.0,34.0
611,ACA20,NJW1004,5,71.0,319.0
612,dplb0149,card0039,3,130.0,25.0
613,bioc0416,card0039,8,134.0,25.0
614,whgu0527,whgu0378,2,211.0,4.0
615,immd0700,immd0024,5,55.0,68.0
616,immd0700,clab0035,3,55.0,32.0
617,immd0700,clab0101,3,55.0,95.0
618,immd0024,clab0035,12,68.0,32.0
619,immd0024,clab0101,12,68.0,95.0
620,clab0035,path0511,12,32.0,60.0
621,clab0101,path0511,7,95.0,60.0
622,cschof,whgu0172,10,18.0,1.0
623,cschof,immd0237,7,18.0,2.0
624,wolf1833,whgu0172,3,212.0,1.0
625,wolf1833,immd0237,2,212.0,2.0
626,CC234,KBM1000,2,13.0,317.0
627,ndos0168,clme0169,2,136.0,76.0
628,HS310,KBK21,4,151.0,22.0
629,gree1499,gree1024,2,73.0,200.0
630,clme0195,immd0075,18,175.0,208.0
631,BJPH2,TK106,10,159.0,386.0
632,PP10001,KBK21,8,16.0,22.0
633,donc0120,xxxx0009,4,213.0,121.0
634,path0636,FVG20,3,214.0,176.0
635,path0636,DIJ21,3,214.0,112.0
636,path0636,FR269,2,214.0,215.0
637,path0636,SVL1000,4,214.0,45.0
638,path0636,AB454,4,214.0,85.0
639,path0636,PJB91,2,214.0,47.0
640,path0636,RMM32,4,214.0,48.0
641,FVG20,DIJ21,4,176.0,112.0
642,FVG20,FR269,2,176.0,215.0
643,FVG20,SVL1000,4,176.0,45.0
644,FVG20,AB454,4,176.0,85.0
645,FVG20,PJB91,2,176.0,47.0
646,FVG20,RMM32,4,176.0,48.0
647,DIJ21,SVL1000,4,112.0,45.0
648,DIJ21,AB454,4,112.0,85.0
649,DIJ21,PJB91,2,112.0,47.0
650,DIJ21,RMM32,4,112.0,48.0
651,FR269,SVL1000,3,215.0,45.0
652,FR269,AB454,3,215.0,85.0
653,FR269,PJB91,2,215.0,47.0
654,FR269,RMM32,3,215.0,48.0
655,SVL1000,AB454,10,45.0,85.0
656,AB454,PJB91,12,85.0,47.0
657,AB454,RMM32,7,85.0,48.0
658,clab0101,immd0330,15,95.0,167.0
659,immd0330,clab0035,8,167.0,32.0
660,dpag0074,ocms0037,5,216.0,230.0
661,immd0330,phpc0228,2,167.0,206.0
662,immd0330,phpc0367,2,167.0,273.0
663,clab0035,immd0330,10,32.0,167.0
664,whgu0085,clme0237,4,189.0,77.0
665,whgu0085,immd0036,2,189.0,217.0
666,clme0237,immd0036,4,77.0,217.0
667,immd0036,immd0151,3,217.0,29.0
668,whgu0172,chem0068,2,1.0,162.0
669,immd0330,clme0975,2,167.0,31.0
670,card0039,card0025,8,25.0,23.0
671,card0018,card0025,6,24.0,23.0
672,clab0101,immd0024,5,95.0,68.0
673,clab0035,immd0024,5,32.0,68.0
674,clme0621,bioc0416,2,169.0,134.0
675,clme0301,lina0435,9,180.0,166.0
676,clme0149,zool0768,2,65.0,334.0
677,immd0499,clme0494,2,218.0,27.0
678,immd0499,wolf1917,2,218.0,195.0
679,bioc1078,bioc0764,3,219.0,309.0
680,raob0051,raob0168,4,153.0,192.0
681,raob0051,clar0295,2,153.0,643.0
682,raob0168,clar0295,2,192.0,643.0
683,APD10,TDF21,3,179.0,28.0
684,TK218,SB10031,2,220.0,141.0
685,claridge,univ1923,12,97.0,98.0
686,st321,ARV22,3,19.0,99.0
687,st321,KDH29,4,19.0,174.0
688,st321,SP577,5,19.0,69.0
689,st321,CW209,6,19.0,70.0
690,st321,SJP58,3,19.0,241.0
691,ARV22,KDH29,2,99.0,174.0
692,ARV22,SP577,2,99.0,69.0
693,ARV22,CW209,3,99.0,70.0
694,ARV22,SJP58,3,99.0,241.0
695,KDH29,SP577,2,174.0,69.0
696,KDH29,CW209,2,174.0,70.0
697,KDH29,SJP58,2,174.0,241.0
698,EDL1,DK10012,6,129.0,233.0
699,immd0023,clme0219,5,201.0,81.0
700,engs0357,radi0003,7,221.0,7.0
701,engs0357,clne0102,1,221.0,142.0
702,radi0003,clne0102,4,7.0,142.0
703,chem0489,whgu0142,2,119.0,40.0
704,ndos0461,PP10001,3,9.0,16.0
705,clme0667,raob0097,3,106.0,21.0
706,clme0670,raob0097,7,62.0,21.0
707,ARV22,DJH210,4,99.0,222.0
708,DJH210,DRS36,4,222.0,331.0
709,immd0024,clme0195,2,68.0,175.0
710,immd0024,immd0075,2,68.0,208.0
711,clme0195,path0511,2,175.0,60.0
712,path0511,immd0075,2,60.0,208.0
713,stat0004,card0027,4,49.0,117.0
714,LV225,ERC24,2,86.0,108.0
715,whgu0172,immd0100,6,1.0,82.0
716,CC234,BG200,2,13.0,186.0
717,CC234,ARG1000,4,13.0,91.0
718,CC234,DGK23,2,13.0,204.0
719,JG473,PC245,2,177.0,197.0
720,JG473,KH387,2,177.0,6.0
721,PC245,KH387,3,197.0,6.0
722,prhc0003,phpc0084,4,223.0,124.0
723,TL347,SEB53,4,224.0,436.0
724,raob0122,clab0127,6,225.0,244.0
725,BDS10,PHJ20,7,203.0,196.0
726,whgu0172,clme0621,2,1.0,169.0
727,bioc0416,univ1102,5,134.0,270.0
728,IJG25,MJM16,4,226.0,377.0
729,bioc0756,magd1571,3,227.0,283.0
730,stat0004,immd0151,3,49.0,29.0
731,stat0004,clme0237,8,49.0,77.0
732,immd0151,lina0435,2,29.0,166.0
733,lina0435,clme0237,3,166.0,77.0
734,CA26,OAS23,14,185.0,39.0
735,raob0189,bioc0416,5,79.0,134.0
736,immd0031,immd0282,3,100.0,181.0
737,immd0031,immd0316,3,100.0,34.0
738,immd0031,clab0025,5,100.0,210.0
739,immd0282,clab0025,4,181.0,210.0
740,immd0316,clab0025,4,34.0,210.0
741,path0473,whgu0172,1,228.0,1.0
742,path0473,dplb0149,1,228.0,130.0
743,ndos0168,awatts,1,136.0,325.0
744,olin0014,clme0946,5,229.0,120.0
745,ocms0037,DO261,3,230.0,296.0
746,KDH29,PAWE1,10,174.0,235.0
747,ARV22,ABJ26,4,99.0,390.0
748,CG348,CER51,2,231.0,370.0
749,raob0051,ndog0251,6,153.0,393.0
750,clab0018,clme0135,3,232.0,37.0
751,clme0946,olin0014,3,120.0,229.0
752,BDS10,SR679,7,203.0,354.0
753,UFK20,JJB12,4,184.0,345.0
754,path0642,molb0002,5,53.0,52.0
755,claridge,wolf1833,7,97.0,212.0
756,DK10012,LSI10,2,233.0,384.0
757,CC234,ACA20,2,13.0,71.0
758,ACA20,SS861,2,71.0,66.0
759,ACA20,SC10021,2,71.0,168.0
760,SS861,DFE20,2,66.0,72.0
761,DFE20,SC10021,2,72.0,168.0
762,CEM45,DGK23,2,87.0,204.0
763,EJB60,DGK23,6,89.0,204.0
764,JT233,PJL30,2,234.0,265.0
765,wolf1833,cschof,2,212.0,18.0
766,VJG29,AL499,2,118.0,387.0
767,KMB1001,FJL1,18,43.0,664.0
768,CC234,KDH29,2,13.0,174.0
769,CC234,PAWE1,4,13.0,235.0
770,KDH29,SC10021,2,174.0,168.0
771,PAWE1,SC10021,2,235.0,168.0
772,PAWE1,JDB1003,4,235.0,103.0
773,PP10001,CJW53,2,16.0,137.0
774,CJW53,DFE20,2,137.0,72.0
775,stat0004,whgu0378,6,49.0,4.0
776,stat0004,clme0975,2,49.0,31.0
777,NS421,RCF29,9,236.0,105.0
778,clme0621,card0025,2,169.0,23.0
779,EDL1,TK106,4,129.0,386.0
780,newc0612,claridge,1,237.0,97.0
781,newc0612,clme0220,5,237.0,38.0
782,newc0612,bioc0416,1,237.0,134.0
783,claridge,clme0220,1,97.0,38.0
784,clme0220,bioc0416,1,38.0,134.0
785,CA26,FJL1,5,185.0,664.0
786,SJG49,EW442,6,36.0,608.0
787,clme0975,raob0072,8,31.0,26.0
788,cschof,vacc0036,2,18.0,242.0
789,path0084,path0089,3,238.0,113.0
790,CC234,AG229,15,13.0,239.0
791,CC234,TK106,4,13.0,386.0
792,AG229,TK106,2,239.0,386.0
793,univ0247,bioc0188,6,240.0,114.0
794,SJP58,JHG21,8,241.0,158.0
795,vacc0036,bioc0801,3,242.0,243.0
796,vacc0036,immd0282,3,242.0,181.0
797,bioc0801,immd0282,7,243.0,181.0
798,bioc0541,bioc0416,16,135.0,134.0
799,bioc0541,chem0068,4,135.0,162.0
800,bioc0416,chem0068,2,134.0,162.0
801,raob0069,raob0051,2,56.0,153.0
802,raob0069,raob0009,2,56.0,125.0
803,raob0051,raob0095,2,153.0,61.0
804,raob0009,raob0095,2,125.0,61.0
805,donc0120,raob0096,2,213.0,122.0
806,donc0120,raob0270,3,213.0,107.0
807,dplb0149,magd1571,2,130.0,283.0
809,PP10001,GL290,5,16.0,297.0
810,JLG40,KK101,6,131.0,0.0
811,JLG40,NJW1004,4,131.0,319.0
812,clab0101,ARG1000,3,95.0,91.0
813,clab0035,ARG1000,3,32.0,91.0
814,immd0024,ARG1000,3,68.0,91.0
815,clme1037,clme0497,8,111.0,41.0
816,clme1037,clab0127,2,111.0,244.0
817,clme1037,clme1358,6,111.0,157.0
818,clme0497,clab0127,4,41.0,244.0
819,clab0127,clme1358,2,244.0,157.0
820,molb0002,immd0023,5,52.0,201.0
821,gree1024,gree0989,4,200.0,75.0
822,clne0083,clme0220,3,245.0,38.0
823,stat0059,stat0004,6,50.0,49.0
824,GIE20,cm666,2,144.0,671.0
825,EP370,BDS10,2,246.0,203.0
826,stat0004,clne0009,6,49.0,150.0
827,ARV22,CFK23,5,99.0,301.0
828,ARG1000,EL422,2,91.0,673.0
829,DGK23,EL422,2,204.0,673.0
830,clme0220,clme0670,10,38.0,62.0
831,stat0004,KK101,6,49.0,0.0
832,stat0004,NJW1004,6,49.0,319.0
833,raob0072,clme0667,2,26.0,106.0
834,clme0220,chri0963,3,38.0,30.0
835,clme0220,phys0101,2,38.0,33.0
836,bioc0212,card0018,9,247.0,24.0
837,PP10001,JDB1003,17,16.0,103.0
838,chem0068,bioc0416,4,162.0,134.0
839,chem0068,bioc0541,2,162.0,135.0
840,clme0485,ndos0168,3,248.0,136.0
841,clme0670,engs0357,3,62.0,221.0
842,immd0237,whgu0085,2,2.0,189.0
843,whgu0256,clme0240,2,67.0,3.0
844,whgu0256,whgu0085,2,67.0,189.0
845,clme0240,whgu0085,2,3.0,189.0
846,raob0270,raob0231,4,107.0,330.0
847,clne0102,clne0024,2,142.0,140.0
848,raob0072,raob0270,6,26.0,107.0
849,raob0072,donc0120,9,26.0,213.0
850,CC234,JC553,7,13.0,288.0
851,SC10021,JC553,8,168.0,288.0
852,whgu0172,univ1923,3,1.0,98.0
853,clme0220,univ1923,1,38.0,98.0
854,KSL23,DS139,4,249.0,205.0
855,TLB20,ERM1000,2,173.0,329.0
856,clme0975,raob0122,1,31.0,225.0
857,raob0122,raob0072,1,225.0,26.0
858,GM290,DIJ21,2,146.0,112.0
859,GM290,FR269,2,146.0,215.0
860,fjg28,mjg40,4,250.0,190.0
861,clme1358,cschof,6,157.0,18.0
862,immd0330,immd0237,2,167.0,2.0
863,immd0330,immd0036,2,167.0,217.0
864,immd0330,path0089,2,167.0,113.0
865,immd0330,stat0004,2,167.0,49.0
866,immd0330,immd0198,2,167.0,251.0
867,immd0330,clme0240,2,167.0,3.0
868,immd0330,whgu0378,2,167.0,4.0
869,immd0330,immd0024,3,167.0,68.0
870,immd0330,quee1607,2,167.0,78.0
871,immd0330,lina0435,2,167.0,166.0
872,immd0330,card0027,2,167.0,117.0
873,immd0330,clme0301,2,167.0,180.0
874,immd0330,stat0054,2,167.0,252.0
875,immd0330,path0084,2,167.0,238.0
876,immd0330,immd0082,2,167.0,59.0
877,immd0237,immd0036,2,2.0,217.0
878,immd0237,path0089,2,2.0,113.0
879,immd0237,stat0004,4,2.0,49.0
880,immd0237,immd0198,2,2.0,251.0
881,immd0237,immd0024,2,2.0,68.0
882,immd0237,quee1607,2,2.0,78.0
883,immd0237,lina0435,4,2.0,166.0
884,immd0237,card0027,2,2.0,117.0
885,immd0237,clme0301,2,2.0,180.0
886,immd0237,path0084,2,2.0,238.0
887,immd0036,path0089,2,217.0,113.0
888,immd0036,stat0004,2,217.0,49.0
889,immd0036,immd0198,2,217.0,251.0
890,immd0036,clme0240,2,217.0,3.0
891,immd0036,whgu0378,2,217.0,4.0
892,immd0036,immd0024,2,217.0,68.0
893,immd0036,clme0237,2,217.0,77.0
894,immd0036,quee1607,2,217.0,78.0
895,immd0036,lina0435,2,217.0,166.0
896,immd0036,card0027,2,217.0,117.0
897,immd0036,clme0301,2,217.0,180.0
898,immd0036,stat0054,2,217.0,252.0
899,immd0036,path0084,2,217.0,238.0
900,immd0036,immd0082,4,217.0,59.0
901,path0089,stat0004,2,113.0,49.0
902,path0089,immd0198,2,113.0,251.0
903,path0089,clme0240,2,113.0,3.0
904,path0089,whgu0378,2,113.0,4.0
905,path0089,immd0024,2,113.0,68.0
906,path0089,clme0237,2,113.0,77.0
907,path0089,quee1607,2,113.0,78.0
908,path0089,lina0435,2,113.0,166.0
909,path0089,card0027,2,113.0,117.0
910,path0089,clme0301,2,113.0,180.0
911,path0089,stat0054,2,113.0,252.0
912,path0089,immd0082,2,113.0,59.0
913,stat0004,immd0198,2,49.0,251.0
914,stat0004,clme0240,2,49.0,3.0
915,stat0004,immd0024,2,49.0,68.0
916,stat0004,quee1607,2,49.0,78.0
917,stat0004,clme0301,2,49.0,180.0
918,stat0004,path0084,2,49.0,238.0
919,stat0004,immd0082,2,49.0,59.0
920,immd0198,clme0240,2,251.0,3.0
921,immd0198,whgu0378,2,251.0,4.0
922,immd0198,immd0024,2,251.0,68.0
923,immd0198,clme0237,2,251.0,77.0
924,immd0198,quee1607,2,251.0,78.0
925,immd0198,lina0435,2,251.0,166.0
926,immd0198,card0027,2,251.0,117.0
927,immd0198,clme0301,2,251.0,180.0
928,immd0198,stat0054,2,251.0,252.0
929,immd0198,path0084,2,251.0,238.0
930,immd0198,immd0082,2,251.0,59.0
931,clme0240,immd0024,2,3.0,68.0
932,clme0240,clme0237,2,3.0,77.0
933,clme0240,quee1607,2,3.0,78.0
934,clme0240,lina0435,2,3.0,166.0
935,clme0240,card0027,2,3.0,117.0
936,clme0240,clme0301,2,3.0,180.0
937,clme0240,stat0054,2,3.0,252.0
938,clme0240,path0084,2,3.0,238.0
939,clme0240,immd0082,3,3.0,59.0
940,whgu0378,immd0024,2,4.0,68.0
941,whgu0378,lina0435,4,4.0,166.0
942,whgu0378,card0027,4,4.0,117.0
943,whgu0378,clme0301,2,4.0,180.0
944,whgu0378,path0084,2,4.0,238.0
945,immd0024,clme0237,2,68.0,77.0
946,immd0024,quee1607,2,68.0,78.0
947,immd0024,lina0435,2,68.0,166.0
948,immd0024,card0027,2,68.0,117.0
949,immd0024,clme0301,2,68.0,180.0
950,immd0024,stat0054,2,68.0,252.0
951,immd0024,path0084,2,68.0,238.0
952,immd0024,immd0082,2,68.0,59.0
953,clme0237,lina0435,4,77.0,166.0
954,clme0237,card0027,2,77.0,117.0
955,clme0237,clme0301,2,77.0,180.0
956,clme0237,path0084,2,77.0,238.0
957,clme0237,immd0082,2,77.0,59.0
958,quee1607,lina0435,2,78.0,166.0
959,quee1607,card0027,2,78.0,117.0
960,quee1607,clme0301,2,78.0,180.0
961,quee1607,path0084,2,78.0,238.0
962,quee1607,immd0082,2,78.0,59.0
963,lina0435,card0027,2,166.0,117.0
964,lina0435,clme0301,3,166.0,180.0
965,lina0435,stat0054,2,166.0,252.0
966,lina0435,path0084,2,166.0,238.0
967,lina0435,immd0082,2,166.0,59.0
968,card0027,clme0301,2,117.0,180.0
969,card0027,stat0054,2,117.0,252.0
970,card0027,path0084,2,117.0,238.0
971,card0027,immd0082,2,117.0,59.0
972,clme0301,stat0054,2,180.0,252.0
973,clme0301,path0084,2,180.0,238.0
974,clme0301,immd0082,2,180.0,59.0
975,stat0054,path0084,2,252.0,238.0
976,stat0054,immd0082,2,252.0,59.0
977,path0084,immd0082,2,238.0,59.0
978,path0511,clab0101,6,60.0,95.0
979,card0039,clne0024,5,25.0,140.0
980,bioc0192,clne0024,5,94.0,140.0
981,whgu0172,univ0247,2,1.0,240.0
982,cschof,univ0247,2,18.0,240.0
983,clab0127,whgu0172,6,244.0,1.0
984,clab0127,clme0975,2,244.0,31.0
985,whgu0172,clme0975,4,1.0,31.0
986,CJW53,WTK22,4,137.0,681.0
987,clme0497,raob0096,2,41.0,122.0
988,whgu0172,wolf1833,2,1.0,212.0
989,card0027,card0008,6,117.0,277.0
990,card0027,gree1192,2,117.0,10.0
991,immd0237,claridge,10,2.0,97.0
992,clme0240,claridge,2,3.0,97.0
993,MPFS1,APD10,2,253.0,179.0
994,OAS23,CW209,2,39.0,70.0
995,clme0832,clme0169,11,254.0,76.0
996,EAM29,PAL34,2,57.0,380.0
997,stat0054,lina0435,2,252.0,166.0
998,clme0240,ERC24,4,3.0,108.0
999,clme0240,RSJ33,3,3.0,109.0
1000,immd0106,whgu0172,2,143.0,1.0
1001,KMB1001,RCF29,3,43.0,105.0
1002,chem0489,immd0023,5,119.0,201.0
1003,ctsu0385,gree0184,1,255.0,101.0
1004,immd0421,whgu0378,6,256.0,4.0
1005,whgu0172,vacc0036,2,1.0,242.0
1006,clne0009,phpc0084,2,150.0,124.0
1007,BDS10,MPA28,3,203.0,373.0
1008,SDT36,EL422,2,171.0,673.0
1009,clme0497,CA26,2,41.0,185.0
1010,clne0024,clne0013,3,140.0,51.0
1011,KDH29,FM319,2,174.0,346.0
1012,PAWE1,FM319,2,235.0,346.0
1013,bioc1078,TLB20,2,219.0,173.0
1014,clne0013,clne0102,9,51.0,142.0
1015,AMD24,KBM1000,10,14.0,317.0
1016,PP10001,KBM1000,12,16.0,317.0
1017,DFE20,KBM1000,11,72.0,317.0
1018,clme0501,immd0180,4,257.0,202.0
1019,bioc0801,whgu0172,2,243.0,1.0
1020,raob0182,clme0670,1,258.0,62.0
1021,raob0182,clme0667,1,258.0,106.0
1022,raob0182,gree1620,1,258.0,304.0
1023,clme0670,gree1620,1,62.0,304.0
1024,clme0667,gree1620,2,106.0,304.0
1025,JLG40,RSJ33,6,131.0,109.0
1026,immd0151,immd0075,3,29.0,208.0
1027,chem0489,newc0612,2,119.0,237.0
1028,newc0612,clme0497,2,237.0,41.0
1029,newc0612,raob0097,2,237.0,21.0
1030,newc0612,clme1358,2,237.0,157.0
1031,clme0497,raob0097,2,41.0,21.0
1032,raob0097,clme1358,2,21.0,157.0
1033,PL219,PPD21,2,259.0,260.0
1034,PL219,YK299,2,259.0,688.0
1035,PPD21,YK299,2,260.0,688.0
1036,ERC24,EW442,6,108.0,608.0
1037,bioc0416,clme0946,2,134.0,120.0
1038,clme1037,clme0485,5,111.0,248.0
1039,stat0004,gree0184,2,49.0,101.0
1040,whgu0527,SPJ13,4,211.0,93.0
1041,AGL22,PAWE1,2,198.0,235.0
1042,AGL22,RCF29,3,198.0,105.0
1043,st321,PAWE1,9,19.0,235.0
1044,st321,RCF29,8,19.0,105.0
1045,PAWE1,RCF29,5,235.0,105.0
1046,raob0233,raob0122,1,261.0,225.0
1047,raob0233,raob0121,1,261.0,178.0
1048,raob0122,raob0121,2,225.0,178.0
1049,TGQE2,DIJ21,2,138.0,112.0
1050,TGQE2,DJL15,4,138.0,102.0
1051,TGQE2,TJ212,5,138.0,262.0
1052,TGQE2,mjg40,2,138.0,190.0
1053,DIJ21,DJL15,2,112.0,102.0
1054,DIJ21,mjg40,2,112.0,190.0
1055,DJL15,TJ212,2,102.0,262.0
1056,TJ212,mjg40,2,262.0,190.0
1057,ndog0115,clme0240,1,263.0,3.0
1058,ndog0115,whgu0172,1,263.0,1.0
1059,clme0240,whgu0172,1,3.0,1.0
1060,ctsu0265,darby,4,264.0,182.0
1061,raob0072,clme0670,1,26.0,62.0
1062,MPW1001,CF366,2,172.0,382.0
1063,PJL30,CF366,2,265.0,382.0
1064,ocms0064,awatts,3,266.0,325.0
1065,phpc0084,ndos0168,2,124.0,136.0
1066,ocms0064,path0204,4,266.0,170.0
1067,immd0084,ndog0115,1,92.0,263.0
1068,GM290,BB313,4,146.0,352.0
1069,card0039,whgu0172,1,25.0,1.0
1070,whgu0172,card0025,5,1.0,23.0
1071,immd0282,path0511,2,181.0,60.0
1072,clme0220,clph0059,3,38.0,133.0
1073,whgu0274,whgu0172,2,5.0,1.0
1074,whgu0274,clme0240,4,5.0,3.0
1075,whgu0274,PHM29,7,5.0,300.0
1076,whgu0172,PHM29,2,1.0,300.0
1077,immd0237,PHM29,5,2.0,300.0
1078,clme0240,PHM29,5,3.0,300.0
1079,MF364,RK385,2,84.0,267.0
1080,RK385,SB674,2,267.0,188.0
1081,clne0009,prhc0003,1,150.0,223.0
1082,clme0237,immd0330,10,77.0,167.0
1083,clme0494,ocms0037,2,27.0,230.0
1084,clme0494,immd0082,2,27.0,59.0
1085,clme0494,stat0004,2,27.0,49.0
1086,clme0494,lina0435,2,27.0,166.0
1087,clme0494,clme0195,2,27.0,175.0
1088,ocms0037,immd0082,2,230.0,59.0
1089,ocms0037,stat0004,2,230.0,49.0
1090,ocms0037,lina0435,2,230.0,166.0
1091,ocms0037,clme0195,6,230.0,175.0
1092,immd0082,stat0004,2,59.0,49.0
1093,immd0082,lina0435,2,59.0,166.0
1094,stat0004,clme0195,2,49.0,175.0
1095,lina0435,clme0195,2,166.0,175.0
1096,engs0357,raob0051,2,221.0,153.0
1097,DEN22,FMW22,2,11.0,35.0
1098,CG348,ARG1000,4,231.0,91.0
1100,clme0975,immd0023,2,31.0,201.0
1101,immd0423,clme0220,1,269.0,38.0
1102,immd0423,immd0316,1,269.0,34.0
1103,NC109,MDT33,4,74.0,58.0
1104,MDT33,MJM16,6,58.0,377.0
1105,BG200,JIS30,6,186.0,361.0
1106,ERC24,JT233,2,108.0,234.0
1107,clme0667,raob0069,4,106.0,56.0
1108,clme0667,raob0095,1,106.0,61.0
1109,clme0670,raob0095,10,62.0,61.0
1110,raob0069,raob0097,3,56.0,21.0
1111,raob0097,raob0095,3,21.0,61.0
1112,immd0151,immd0036,7,29.0,217.0
1113,TLB20,ARV22,4,173.0,99.0
1114,ARV22,CA26,6,99.0,185.0
1115,clme0195,ocms0037,2,175.0,230.0
1116,univ1102,bioc0416,6,270.0,134.0
1117,whgu0378,immd0330,1,4.0,167.0
1118,whgu0378,immd0423,1,4.0,269.0
1119,clme0237,clme0975,1,77.0,31.0
1120,clme0237,immd0423,1,77.0,269.0
1121,clme0975,immd0330,1,31.0,167.0
1122,clme0975,immd0423,1,31.0,269.0
1123,immd0330,immd0423,1,167.0,269.0
1124,immd0031,immd0218,4,100.0,164.0
1125,12055,PJL30,4,271.0,265.0
1126,raob0096,raob0097,8,122.0,21.0
1127,ctsu0165,card0027,5,115.0,117.0
1128,clme1037,cschof,1,111.0,18.0
1129,bioc0416,bioc0212,1,134.0,247.0
1130,whgu0172,clme0501,3,1.0,257.0
1131,clme0240,clme0501,2,3.0,257.0
1132,cschof,bioc0416,1,18.0,134.0
1133,cschof,clne0024,1,18.0,140.0
1134,univ1923,bioc0416,1,98.0,134.0
1135,univ1923,clne0024,1,98.0,140.0
1136,bioc0416,clne0024,4,134.0,140.0
1137,whgu0210,card0008,2,132.0,277.0
1138,TGQE2,AM2185,15,138.0,339.0
1139,clme0220,whgu0256,7,38.0,67.0
1140,CA26,DRS36,8,185.0,331.0
1141,whgu0210,clab0247,2,132.0,700.0
1142,card0039,radi0003,2,25.0,7.0
1143,clab0058,immd0330,6,272.0,167.0
1144,phpc0367,phpc0228,6,273.0,206.0
1145,card0027,KBK21,3,117.0,22.0
1146,KK101,KBK21,4,0.0,22.0
1147,HS310,QG209,2,151.0,17.0
1148,HS310,JDB1003,4,151.0,103.0
1149,HS310,jgd29,4,151.0,358.0
1150,QG209,JDB1003,2,17.0,103.0
1151,QG209,jgd29,2,17.0,358.0
1152,DFE20,JDB1003,4,72.0,103.0
1153,JDB1003,jgd29,2,103.0,358.0
1154,gree1192,AMD24,5,10.0,14.0
1155,gree1192,PP10001,11,10.0,16.0
1156,gree1192,ACA20,3,10.0,71.0
1157,gree1192,jgd29,4,10.0,358.0
1158,DEN22,ACA20,2,11.0,71.0
1159,ACA20,AA461,7,71.0,12.0
1160,ACA20,KK101,2,71.0,0.0
1161,ACA20,jgd29,4,71.0,358.0
1162,molb0002,kenn0163,4,52.0,333.0
1163,whgu0172,bioc0804,2,1.0,274.0
1164,whgu0172,bioc0801,2,1.0,243.0
1165,whgu0172,ocms0037,2,1.0,230.0
1166,bioc0804,bioc0801,2,274.0,243.0
1167,bioc0804,ocms0037,2,274.0,230.0
1168,bioc0801,ocms0037,4,243.0,230.0
1169,clme0485,immd0423,2,248.0,269.0
1170,clme0149,clme0193,2,65.0,275.0
1171,clme0149,clme0219,9,65.0,81.0
1172,clme0193,clme0219,2,275.0,81.0
1173,bioc0208,clme0149,2,276.0,65.0
1174,12055,MPW1001,2,271.0,172.0
1175,clne0024,ndos0168,2,140.0,136.0
1176,ocms0037,immd0075,3,230.0,208.0
1177,ocms0037,card0027,2,230.0,117.0
1178,ocms0037,card0008,2,230.0,277.0
1179,immd0075,card0027,2,208.0,117.0
1180,immd0075,card0008,2,208.0,277.0
1181,card0027,clme0195,2,117.0,175.0
1182,card0008,clme0195,2,277.0,175.0
1183,AS889,CG348,4,88.0,231.0
1184,immd0316,immd0084,2,34.0,92.0
1185,immd0084,clme0220,5,92.0,38.0
1186,KK429,x_b03,2,278.0,291.0
1187,card0027,clne0009,5,117.0,150.0
1188,AGL22,KK429,2,198.0,278.0
1189,st321,KK429,4,19.0,278.0
1190,SS861,KK429,4,66.0,278.0
1191,anat0115,anat0116,2,279.0,123.0
1192,SPJ13,LP212,4,93.0,280.0
1193,LP212,JVF21,4,280.0,493.0
1194,DIJ21,JG477,6,112.0,104.0
1195,DIJ21,MAG62,2,112.0,609.0
1196,FR269,JG477,2,215.0,104.0
1197,FR269,MAG62,2,215.0,609.0
1198,JG477,MAG62,2,104.0,609.0
1199,raob0097,raob0233,1,21.0,261.0
1200,BG200,ELR21,2,186.0,281.0
1201,BG200,BDS10,2,186.0,203.0
1202,BG200,SR679,2,186.0,354.0
1203,ELR21,BDS10,2,281.0,203.0
1204,ELR21,SR679,2,281.0,354.0
1205,NGB21,MPS48,2,63.0,711.0
1206,stat0054,quee1607,10,252.0,78.0
1207,immd0452,raob0096,2,282.0,122.0
1208,immd0452,raob0097,2,282.0,21.0
1209,TLB20,TGQE2,2,173.0,138.0
1210,bioc0212,JLG40,4,247.0,131.0
1211,path0636,smlea,2,214.0,128.0
1212,clne0102,radi0003,2,142.0,7.0
1213,immd0084,immd0198,2,92.0,251.0
1214,clme0219,immd0106,2,81.0,143.0
1215,stat0059,clme0149,3,50.0,65.0
1216,magd1571,bioc0756,3,283.0,227.0
1217,bioc0128,path0107,2,284.0,714.0
1218,TGQE2,ERM1000,2,138.0,329.0
1219,clme0149,smlea,5,65.0,128.0
1220,card0027,card0025,5,117.0,23.0
1221,immd0024,immd0330,11,68.0,167.0
1222,card0025,clph0059,5,23.0,133.0
1223,immd0237,bioc0801,6,2.0,243.0
1224,immd0237,clme0485,2,2.0,248.0
1225,cschof,bioc0801,7,18.0,243.0
1226,bioc0801,clme0485,2,243.0,248.0
1227,bioc0801,clme1358,4,243.0,157.0
1228,clme0485,clme1358,4,248.0,157.0
1229,clne0009,clne0024,2,150.0,140.0
1230,clme1358,clme1037,4,157.0,111.0
1231,AGL22,ARG1000,2,198.0,91.0
1232,AGL22,MQD20,2,198.0,323.0
1233,ARG1000,MQD20,4,91.0,323.0
1234,MPFS1,NGB21,2,253.0,63.0
1235,MPFS1,MAP1001,2,253.0,335.0
1236,clme0195,immd0654,2,175.0,285.0
1237,immd0654,immd0075,2,285.0,208.0
1238,REC11,MLO29,2,161.0,359.0
1239,clme0621,dpag0048,2,169.0,307.0
1240,BJPH2,SDT36,2,159.0,171.0
1241,orms0061,JT233,2,110.0,234.0
1242,immd0151,clme0494,2,29.0,27.0
1243,clme0497,whgu0142,3,41.0,40.0
1244,GM290,JDB1003,2,146.0,103.0
1245,clme0220,clne0024,2,38.0,140.0
1246,JA219,PAZ20,4,286.0,337.0
1247,whgu0378,gree1192,2,4.0,10.0
1248,HME22,BB313,2,15.0,352.0
1249,JDB1003,BB313,2,103.0,352.0
1250,AGL22,DEN22,6,198.0,11.0
1251,gree0184,card0027,2,101.0,117.0
1252,CC234,NAW27,2,13.0,287.0
1253,PP10001,NAW27,2,16.0,287.0
1254,NAW27,JDB1003,3,287.0,103.0
1255,immd0198,immd0100,2,251.0,82.0
1257,AG229,AGL22,2,239.0,198.0
1258,AG229,SS861,2,239.0,66.0
1259,AG229,SC10021,4,239.0,168.0
1260,AG229,JC553,2,239.0,288.0
1261,AG229,MAG62,3,239.0,609.0
1262,AGL22,JC553,2,198.0,288.0
1263,AGL22,MAG62,2,198.0,609.0
1264,SS861,JC553,2,66.0,288.0
1265,SS861,MAG62,2,66.0,609.0
1266,SC10021,MAG62,2,168.0,609.0
1267,JC553,MAG62,2,288.0,609.0
1268,bioc0416,dplb0149,3,134.0,130.0
1269,immd0180,TGQE2,2,202.0,138.0
1270,AGL22,VJG29,2,198.0,118.0
1271,FO210,MF364,2,289.0,84.0
1272,bioc0365,bioc0673,2,290.0,353.0
1273,immd0024,immd0556,9,68.0,54.0
1274,immd0330,immd0556,4,167.0,54.0
1275,x_b03,GJH46,2,291.0,357.0
1276,immd0237,whgu0139,4,2.0,292.0
1277,whgu0139,cschof,1,292.0,18.0
1278,radi0003,gree1620,2,7.0,304.0
1279,bioc0801,claridge,2,243.0,97.0
1280,whgu0172,claridge,5,1.0,97.0
1281,whgu0172,whgu0139,3,1.0,292.0
1282,cschof,whgu0139,3,18.0,292.0
1283,claridge,whgu0139,3,97.0,292.0
1284,smlea,path0636,2,128.0,214.0
1285,clab0127,clme0485,2,244.0,248.0
1286,clme0149,clab0025,4,65.0,210.0
1287,JP103,PAZ20,2,293.0,337.0
1288,whgu0172,clme0485,2,1.0,248.0
1289,whgu0256,immd0237,6,67.0,2.0
1290,clab0127,clme0497,1,244.0,41.0
1291,whgu0172,clme0497,3,1.0,41.0
1292,CC234,RDB39,2,13.0,96.0
1293,raob0051,raob0270,1,153.0,107.0
1294,MPFS1,JHG21,6,253.0,158.0
1295,clme0220,smlea,2,38.0,128.0
1296,clme0220,path0041,2,38.0,42.0
1297,clme0220,immd0031,4,38.0,100.0
1298,smlea,immd0031,2,128.0,100.0
1299,smlea,clab0025,2,128.0,210.0
1300,path0041,immd0031,2,42.0,100.0
1301,path0041,clab0025,2,42.0,210.0
1302,clme0220,HME22,4,38.0,15.0
1303,ndos0168,ndos0159,2,136.0,388.0
1304,JHFR2,JHG21,4,294.0,158.0
1305,st321,DO261,2,19.0,296.0
1306,PAWE1,SS861,2,235.0,66.0
1307,PAWE1,MN332,2,235.0,295.0
1308,PAWE1,DO261,2,235.0,296.0
1309,PAWE1,KK429,2,235.0,278.0
1310,SS861,DO261,2,66.0,296.0
1311,MN332,DO261,2,295.0,296.0
1312,MN332,KK429,2,295.0,278.0
1313,DO261,KK429,4,296.0,278.0
1314,clme0497,cschof,1,41.0,18.0
1315,gree1024,ctsu0084,2,200.0,64.0
1316,MEW10,LSI10,4,20.0,384.0
1317,clne0013,wadh1179,2,51.0,328.0
1318,GL290,RCF29,4,297.0,105.0
1319,chem0068,clme0670,5,162.0,62.0
1320,chem0068,raob0095,5,162.0,61.0
1321,JG477,MA630,4,104.0,341.0
1322,clab0018,clme0220,2,232.0,38.0
1323,stat0054,stat0059,2,252.0,50.0
1324,whgu0408,whgu0378,7,298.0,4.0
1325,clme0149,raob0097,2,65.0,21.0
1326,immd0084,raob0097,2,92.0,21.0
1327,immd0023,molb0002,4,201.0,52.0
1328,immd0023,path0642,6,201.0,53.0
1329,ndos0168,clme0301,2,136.0,180.0
1330,clme0993,olin0014,2,127.0,229.0
1331,immd0024,immd0700,3,68.0,55.0
1332,clab0035,immd0556,3,32.0,54.0
1333,clab0035,immd0700,3,32.0,55.0
1334,clab0101,immd0556,3,95.0,54.0
1335,clab0101,immd0700,3,95.0,55.0
1336,SP580,ARG1000,2,80.0,91.0
1337,ARG1000,CJW53,2,91.0,137.0
1338,bioc0987,awatts,3,299.0,325.0
1339,immd0237,ERM1000,2,2.0,329.0
1340,clme0240,ERM1000,2,3.0,329.0
1341,PHM29,ERM1000,2,300.0,329.0
1342,radi0003,raob0069,2,7.0,56.0
1343,clme0220,raob0069,2,38.0,56.0
1344,cschof,wolf1917,5,18.0,195.0
1345,immd0084,path0511,2,92.0,60.0
1346,immd0084,immd0151,2,92.0,29.0
1347,path0511,immd0151,2,60.0,29.0
1348,CFK23,ABJ26,2,301.0,390.0
1349,dplb0149,whgu0172,2,130.0,1.0
1350,AJK61,KC370,2,302.0,303.0
1351,AJK61,UFK20,2,302.0,184.0
1352,KC370,UFK20,2,303.0,184.0
1353,olin0014,bioc0416,2,229.0,134.0
1354,gree1620,clme0670,4,304.0,62.0
1355,gree1620,clme0667,4,304.0,106.0
1356,stat0054,clme0237,1,252.0,77.0
1357,stat0054,immd0330,3,252.0,167.0
1358,quee1607,immd0330,3,78.0,167.0
1359,SJP58,JG477,2,241.0,104.0
1360,JHG21,JG477,2,158.0,104.0
1361,BG200,PJL30,2,186.0,265.0
1362,AB149,BG200,8,83.0,186.0
1363,AB149,ARG1000,6,83.0,91.0
1364,BG200,TK106,6,186.0,386.0
1365,ARG1000,TK106,6,91.0,386.0
1366,SC10021,RCF29,4,168.0,105.0
1367,radi0003,engs0357,8,7.0,221.0
1368,immd0556,immd0330,3,54.0,167.0
1369,clme0975,immd0180,2,31.0,202.0
1370,immd0330,path0511,2,167.0,60.0
1371,immd0151,immd0082,2,29.0,59.0
1372,VMD20,AMD3,2,305.0,306.0
1373,VMD20,YJL26,2,305.0,730.0
1374,AMD3,YJL26,2,306.0,730.0
1375,dpag0048,clme0621,2,307.0,169.0
1376,clme0497,clme0946,3,41.0,120.0
1377,MAS1001,NC109,2,308.0,74.0
1378,MAS1001,IJG25,2,308.0,226.0
1379,MAS1001,MJM16,2,308.0,377.0
1380,TGQE2,KK101,7,138.0,0.0
1381,KK101,AM2185,7,0.0,339.0
1382,chem0489,cschof,4,119.0,18.0
1383,cschof,clme0497,6,18.0,41.0
1384,CC234,EAM29,2,13.0,57.0
1385,AG229,EAM29,2,239.0,57.0
1386,EAM29,SC10021,2,57.0,168.0
1387,bioc0764,bioc1078,3,309.0,219.0
1388,TGQE2,FAG1000,2,138.0,44.0
1389,FAG1000,DJL15,3,44.0,102.0
1390,KMB1001,DEN22,6,43.0,11.0
1391,DEN22,TL347,2,11.0,224.0
1392,clme0220,raob0097,3,38.0,21.0
1393,clme0220,clab0127,6,38.0,244.0
1394,raob0097,immd0316,6,21.0,34.0
1395,raob0097,clab0127,6,21.0,244.0
1396,immd0316,clab0127,2,34.0,244.0
1397,ARG1000,gsv20,2,91.0,379.0
1398,ndos0461,raob0189,3,9.0,79.0
1399,EPM27,GJH46,2,310.0,357.0
1400,ACA20,JDB1003,2,71.0,103.0
1401,MDT33,JDB1003,2,58.0,103.0
1402,hert0418,stat0004,5,311.0,49.0
1403,hert0418,lina0435,2,311.0,166.0
1404,dpag0048,clme0946,2,307.0,120.0
1405,clme0485,ndos0159,2,248.0,388.0
1406,molb0002,clme0149,1,52.0,65.0
1407,molb0002,clme1037,1,52.0,111.0
1408,clme0149,clme1037,1,65.0,111.0
1409,path0511,BG200,2,60.0,186.0
1410,clab0025,clme0149,3,210.0,65.0
1411,AP113,PHJ20,2,312.0,196.0
1412,clne0024,clne0102,2,140.0,142.0
1413,CC234,SB10031,2,13.0,141.0
1414,molb0003,clme0169,10,313.0,76.0
1415,clne0024,bioc0416,3,140.0,134.0
1416,raob0069,gree1620,1,56.0,304.0
1417,molb0002,immd0100,2,52.0,82.0
1418,immd0100,path0642,2,82.0,53.0
1419,clme0240,engs0270,2,3.0,156.0
1420,clme0149,stat0059,2,65.0,50.0
1421,whgu0142,clme0220,3,40.0,38.0
1422,immd0680,ocms0037,4,165.0,230.0
1423,immd0023,bioc0268,2,201.0,733.0
1424,donc0228,raob0069,1,314.0,56.0
1425,donc0228,darby,1,314.0,182.0
1426,raob0069,darby,3,56.0,182.0
1427,clme0149,path0084,2,65.0,238.0
1428,clme0220,immd0237,7,38.0,2.0
1429,path0642,path0002,2,53.0,561.0
1430,trin1371,univ0247,2,315.0,240.0
1431,CA26,AB454,2,185.0,85.0
1432,TLB20,DRS36,5,173.0,331.0
1433,KMB1001,AGL22,2,43.0,198.0
1434,KMB1001,CEM45,4,43.0,87.0
1435,AGL22,CEM45,3,198.0,87.0
1436,CEM45,DEN22,8,87.0,11.0
1437,AB454,DSCJ1,2,85.0,46.0
1438,AB454,JDB1003,2,85.0,103.0
1439,bioc0647,bioc0764,5,316.0,309.0
1440,clph0059,clme0220,3,133.0,38.0
1441,clme0149,immd0421,2,65.0,256.0
1442,clme0149,whgu0378,3,65.0,4.0
1443,AB149,BJPH2,4,83.0,159.0
1444,KBM1000,jgd29,2,317.0,358.0
1445,orie1154,mjawood,2,268.0,322.0
1446,clme1358,chem0489,2,157.0,119.0
1447,clme0195,immd0556,2,175.0,54.0
1448,card0025,card0008,2,23.0,277.0
1449,AGL22,AL499,2,198.0,387.0
1450,st321,AL499,2,19.0,387.0
1451,EDL1,DMG25,2,129.0,139.0
1452,RNS13,PHM29,2,318.0,300.0
1453,NJW1004,EW442,2,319.0,608.0
1454,ndos0723,DEN22,3,320.0,11.0
1455,st321,SJB32,3,19.0,343.0
1456,orie1154,immd0023,3,268.0,201.0
1457,immd0237,clme0621,2,2.0,169.0
1458,clme0621,clme0240,2,169.0,3.0
1459,ocms0037,dpag0074,2,230.0,216.0
1460,immd0452,immd0180,2,282.0,202.0
1461,immd0679,mjawood,2,321.0,322.0
1462,immd0679,ocms0037,4,321.0,230.0
1463,mjawood,ocms0037,2,322.0,230.0
1464,DEN22,FM327,2,11.0,327.0
1465,ARV22,SSL30,3,99.0,376.0
1466,RNS13,NJW1004,2,318.0,319.0
1467,path0636,DS139,2,214.0,205.0
1468,raob0069,donc0228,2,56.0,314.0
1469,darby,donc0228,2,182.0,314.0
1470,JC553,DO261,4,288.0,296.0
1471,raob0069,clme0667,2,56.0,106.0
1472,raob0095,clme0667,2,61.0,106.0
1473,whgu0172,immd0218,4,1.0,164.0
1474,clme0494,EDL1,5,27.0,129.0
1475,clme0494,TK106,3,27.0,386.0
1476,clph0059,raob0069,2,133.0,56.0
1477,clph0059,raob0095,2,133.0,61.0
1478,cschof,clme1037,4,18.0,111.0
1479,DIJ21,DTF1000,2,112.0,163.0
1480,DTF1000,TJ212,2,163.0,262.0
1481,BJPH2,EJB60,2,159.0,89.0
1482,BJPH2,MQD20,2,159.0,323.0
1483,BJPH2,DGK23,2,159.0,204.0
1484,EJB60,MQD20,2,89.0,323.0
1485,MQD20,DGK23,2,323.0,204.0
1486,immd0024,ndos0168,1,68.0,136.0
1487,clme0975,raob0270,1,31.0,107.0
1488,clme0731,phpc0084,4,324.0,124.0
1489,ARV22,AB454,2,99.0,85.0
1490,olin0014,clme0975,4,229.0,31.0
1491,immd0421,clme0237,2,256.0,77.0
1492,bioc0764,bioc0647,3,309.0,316.0
1493,DEN22,SB10031,2,11.0,141.0
1494,dpag0074,immd0679,2,216.0,321.0
1495,dpag0074,immd0680,2,216.0,165.0
1496,immd0679,immd0680,2,321.0,165.0
1497,bioc0192,card0039,10,94.0,25.0
1498,stat0004,SJG49,2,49.0,36.0
1499,AMD24,KBK21,4,14.0,22.0
1500,JG473,REG53,2,177.0,371.0
1501,clme0485,immd0237,2,248.0,2.0
1502,clme0485,cschof,2,248.0,18.0
1503,clme0485,bioc0801,2,248.0,243.0
1504,immd0100,immd0031,2,82.0,100.0
1505,DEN22,JC553,4,11.0,288.0
1506,JC553,KBM1000,2,288.0,317.0
1507,CFK23,JJB12,3,301.0,345.0
1508,immd0237,univ1923,4,2.0,98.0
1509,univ1923,whgu0139,2,98.0,292.0
1510,DEN22,NC109,4,11.0,74.0
1511,cschof,clme0946,2,18.0,120.0
1512,cschof,ocms0037,2,18.0,230.0
1513,clme0946,ocms0037,2,120.0,230.0
1514,raob0096,raob0121,1,122.0,178.0
1515,whgu0274,card0027,2,5.0,117.0
1516,bioc0416,mjawood,2,134.0,322.0
1517,mjawood,bioc0541,4,322.0,135.0
1518,immd0237,ocms0064,2,2.0,266.0
1519,ocms0064,cschof,2,266.0,18.0
1520,ocms0064,univ1923,2,266.0,98.0
1521,newc0612,chri0963,1,237.0,30.0
1522,lina0435,hert0418,2,166.0,311.0
1523,CEM45,AL499,4,87.0,387.0
1524,hert0418,whgu0378,2,311.0,4.0
1525,bioc0212,bioc0192,3,247.0,94.0
1526,awatts,ndos0168,1,325.0,136.0
1527,clme0135,immd0423,2,37.0,269.0
1528,immd0084,whgu0172,1,92.0,1.0
1529,immd0024,immd0023,2,68.0,201.0
1530,clme0497,ndog0251,2,41.0,393.0
1531,fjg28,FIA20,3,250.0,360.0
1532,whgu0172,clme0439,2,1.0,326.0
1533,whgu0172,olin0014,2,1.0,229.0
1534,whgu0172,clme0946,2,1.0,120.0
1535,clme0439,clme0497,2,326.0,41.0
1536,clme0439,olin0014,2,326.0,229.0
1537,clme0439,clme0946,2,326.0,120.0
1538,clme0439,clme0975,2,326.0,31.0
1539,clme0497,olin0014,2,41.0,229.0
1540,clme0497,clme0975,2,41.0,31.0
1541,clme0946,clme0975,2,120.0,31.0
1542,ctsu0052,gree0989,2,193.0,75.0
1543,ctsu0052,clme0845,2,193.0,148.0
1544,FM327,KBM1000,2,327.0,317.0
1545,immd0282,ocms0037,2,181.0,230.0
1546,clme0301,bioc0212,2,180.0,247.0
1547,clme0301,clph0059,2,180.0,133.0
1548,bioc0212,clph0059,2,247.0,133.0
1549,immd0100,immd0198,1,82.0,251.0
1550,immd0218,immd0100,2,164.0,82.0
1551,whgu0142,clab0127,2,40.0,244.0
1552,whgu0172,ndos0461,1,1.0,9.0
1553,ndos0461,clme0501,1,9.0,257.0
1554,CA26,SB10031,2,185.0,141.0
1555,clne0102,wadh1179,3,142.0,328.0
1556,wadh1179,clne0013,2,328.0,51.0
1557,MEW10,FIA20,2,20.0,360.0
1558,raob0051,molb0003,2,153.0,313.0
1559,stat0054,whgu0378,5,252.0,4.0
1560,bioc0541,claridge,2,135.0,97.0
1561,ERM1000,CF366,2,329.0,382.0
1562,ctsu0165,gree0184,2,115.0,101.0
1563,hert0418,immd0180,2,311.0,202.0
1564,hert0418,clme0975,2,311.0,31.0
1565,card0018,clne0024,1,24.0,140.0
1566,raob0097,clme0220,3,21.0,38.0
1567,clab0127,immd0316,4,244.0,34.0
1568,raob0122,immd0180,1,225.0,202.0
1569,immd0180,raob0121,1,202.0,178.0
1570,immd0180,clab0127,1,202.0,244.0
1571,raob0121,clab0127,1,178.0,244.0
1572,ctsu0165,card0018,3,115.0,24.0
1573,whgu0172,clab0127,2,1.0,244.0
1574,clab0025,immd0031,2,210.0,100.0
1575,KBK21,jgd29,2,22.0,358.0
1576,MDT33,jgd29,2,58.0,358.0
1577,phpc0084,prhc0057,2,124.0,126.0
1578,st321,JG477,2,19.0,104.0
1579,engs0357,clme0670,3,221.0,62.0
1580,immd0499,immd0452,2,218.0,282.0
1581,raob0231,raob0072,3,330.0,26.0
1582,raob0231,donc0120,3,330.0,213.0
1583,CG348,DGK23,2,231.0,204.0
1584,AS889,KK101,4,88.0,0.0
1585,AS889,NJW1004,4,88.0,319.0
1586,immd0237,raob0097,2,2.0,21.0
1587,whgu0256,cschof,2,67.0,18.0
1588,whgu0256,whgu0274,2,67.0,5.0
1589,whgu0256,raob0097,2,67.0,21.0
1590,cschof,whgu0274,2,18.0,5.0
1591,cschof,raob0097,2,18.0,21.0
1592,whgu0274,raob0097,2,5.0,21.0
1593,immd0421,clme0220,2,256.0,38.0
1594,immd0421,immd0316,2,256.0,34.0
1595,immd0421,immd0423,2,256.0,269.0
1596,clme0220,immd0423,2,38.0,269.0
1597,immd0316,immd0423,2,34.0,269.0
1598,whgu0085,ocms0037,2,189.0,230.0
1599,bioc0541,raob0096,1,135.0,122.0
1600,raob0096,bioc0416,1,122.0,134.0
1601,clme0670,immd0316,2,62.0,34.0
1602,TLB20,SPJ13,2,173.0,93.0
1603,TLB20,VMD20,2,173.0,305.0
1604,SPJ13,VMD20,2,93.0,305.0
1605,SPJ13,TO237,2,93.0,342.0
1606,VMD20,TO237,2,305.0,342.0
1607,wolf1917,clme0975,2,195.0,31.0
1608,wolf1917,raob0072,2,195.0,26.0
1609,whgu0172,ndos0168,1,1.0,136.0
1610,DRS36,OAS23,2,331.0,39.0
1611,clme0220,whgu0142,3,38.0,40.0
1612,gree1192,gree0184,2,10.0,101.0
1613,claridge,clme0485,2,97.0,248.0
1614,math0111,coml0332,2,332.0,350.0
1615,kenn0163,clme0193,2,333.0,275.0
1616,immd0151,stat0054,2,29.0,252.0
1617,immd0151,quee1607,2,29.0,78.0
1618,HS310,AA461,2,151.0,12.0
1619,whgu0172,path0473,2,1.0,228.0
1622,NJW1004,KK101,85,319.0,0.0
1631,SJP58,CW209,4,241.0,70.0
1645,whgu0378,KBM1000,10,4.0,317.0
1647,gree1192,SJG49,3,10.0,36.0
1648,gree1499,SJG49,1,73.0,36.0
1652,clme0220,JG477,1,38.0,104.0
1657,ocms0037,CC234,1,230.0,13.0
1658,ocms0037,BG200,1,230.0,186.0
1659,ocms0037,ARG1000,1,230.0,91.0
1660,ocms0037,DGK23,1,230.0,204.0
1665,RCF29,SC10021,1,105.0,168.0
1669,whgu0142,clme1037,1,40.0,111.0
1681,RCF29,BDS10,1,105.0,203.0
1682,PHJ20,BDS10,2,196.0,203.0
1683,PHJ20,RCF29,1,196.0,105.0
1685,BDS10,RCF29,1,203.0,105.0
1687,clab0127,raob0122,1,244.0,225.0
1697,donc0120,raob0072,1,213.0,26.0
1700,immd0556,ARG1000,6,54.0,91.0
1713,PAZ20,JA219,1,337.0,286.0
1717,whgu0378,DIJ21,2,4.0,112.0
1718,raob0270,PP10001,1,107.0,16.0
1719,raob0270,DIJ21,2,107.0,112.0
1724,whgu0172,immd0180,1,1.0,202.0
1725,immd0237,immd0180,1,2.0,202.0
1726,clme0240,immd0180,1,3.0,202.0
1727,whgu0378,immd0180,1,4.0,202.0
1728,whgu0274,immd0180,1,5.0,202.0
1729,clme0220,immd0180,1,38.0,202.0
1735,immd0654,immd0082,1,285.0,59.0
1736,immd0082,immd0075,1,59.0,208.0
1744,KK101,TGQE2,3,0.0,138.0
1745,AM2185,TGQE2,3,339.0,138.0
1746,AM2185,KK101,3,339.0,0.0
1749,stat0004,DFE20,1,49.0,72.0
1751,clme1651,RCF29,3,340.0,105.0
1755,MA630,JG477,1,341.0,104.0
1760,SC10021,CC234,1,168.0,13.0
1761,JC553,CC234,1,288.0,13.0
1762,JC553,SC10021,2,288.0,168.0
1764,SDT36,TIMM2,1,171.0,759.0
1766,TO237,TLB20,4,342.0,173.0
1774,CA26,TLB20,1,185.0,173.0
1777,NJW1004,SJG49,6,319.0,36.0
1781,KK101,DFE20,5,0.0,72.0
1785,immd0237,whgu0172,2,2.0,1.0
1789,bioc0764,DMG25,1,309.0,139.0
1790,clme0195,EAM29,1,175.0,57.0
1791,ocms0037,EAM29,2,230.0,57.0
1792,orms0061,clme0485,1,110.0,248.0
1793,clme0497,clme0485,1,41.0,248.0
1794,clme0494,clme0485,2,27.0,248.0
1795,RCF29,MDT33,1,105.0,58.0
1799,card0027,SJG49,3,117.0,36.0
1800,GM290,ERC24,1,146.0,108.0
1803,whgu0378,ACA20,2,4.0,71.0
1804,bioc0541,clph0059,1,135.0,133.0
1805,bioc0541,raob0069,1,135.0,56.0
1806,bioc0541,raob0095,1,135.0,61.0
1808,clme1651,KMB1001,1,340.0,43.0
1809,clne0009,stat0004,1,150.0,49.0
1812,mjg40,JHG21,2,190.0,158.0
1813,APD10,JHG21,1,179.0,158.0
1820,ARV22,LSI10,1,99.0,384.0
1821,DRS36,LSI10,1,331.0,384.0
1825,clme0220,immd0282,2,38.0,181.0
1826,immd0316,immd0282,1,34.0,181.0
1831,whgu0378,KK101,4,4.0,0.0
1835,clme0220,whgu0085,2,38.0,189.0
1838,raob0069,NGB21,4,56.0,63.0
1839,raob0069,AMD24,2,56.0,14.0
1840,AMD24,NGB21,6,14.0,63.0
1850,raob0270,clme0667,1,107.0,106.0
1856,CW209,SP577,2,70.0,69.0
1859,clme0219,clme0149,2,81.0,65.0
1863,immd0023,chem0489,1,201.0,119.0
1866,BB313,GM290,1,352.0,146.0
1869,univ1102,clne0024,3,270.0,140.0
1875,bioc0192,card0025,1,94.0,23.0
1880,clme0621,cschof,1,169.0,18.0
1881,clme0621,whgu0274,1,169.0,5.0
1883,immd0237,ERC24,1,2.0,108.0
1884,immd0237,RSJ33,1,2.0,109.0
1888,SCP46,BB313,8,356.0,352.0
1890,AGL22,MN332,2,198.0,295.0
1896,GL290,FMW22,1,297.0,35.0
1897,NC109,GM290,1,74.0,146.0
1901,DFE20,HS310,1,72.0,151.0
1902,jgd29,HS310,1,358.0,151.0
1904,EDL1,AAS41,1,129.0,383.0
1905,DEN22,VJG29,2,11.0,118.0
1906,FIA20,TDF21,6,360.0,28.0
1909,JIS30,BG200,1,361.0,186.0
1910,clme0845,gree1192,1,148.0,10.0
1911,gree1499,gree0989,2,73.0,75.0
1915,MMO25,MEW10,2,363.0,20.0
1921,path0089,clme0149,1,113.0,65.0
1922,card0008,whgu0210,1,277.0,132.0
1925,immd0452,immd0499,1,282.0,218.0
1927,PJB91,AB454,3,47.0,85.0
1929,whgu0378,CC234,4,4.0,13.0
1930,whgu0378,QG209,6,4.0,17.0
1934,BB313,SCP46,3,352.0,356.0
1938,PAK29,CJW53,3,367.0,137.0
1940,SJG49,KK101,1,36.0,0.0
1941,card0039,JHFR2,1,25.0,294.0
1942,radi0003,JHFR2,1,7.0,294.0
1945,clme0169,fjg28,4,76.0,250.0
1946,immd0330,ARG1000,2,167.0,91.0
1949,whgu0378,jgd29,5,4.0,358.0
1950,whgu0378,HME22,3,4.0,15.0
1951,PP10001,HME22,1,16.0,15.0
1952,QG209,HME22,1,17.0,15.0
1954,DFE20,HME22,1,72.0,15.0
1955,DFE20,QG209,1,72.0,17.0
1957,JDB1003,HME22,1,103.0,15.0
1963,clme1358,SVL1000,3,157.0,45.0
1964,whgu0378,ERM1000,4,4.0,329.0
1966,stat0054,stat0004,2,252.0,49.0
1968,DFE20,AA461,3,72.0,12.0
1970,card0025,card0027,1,23.0,117.0
1974,immd0024,whgu0210,1,68.0,132.0
1975,immd0282,whgu0210,1,181.0,132.0
1976,immd0282,immd0024,2,181.0,68.0
1979,card0027,whgu0274,1,117.0,5.0
1980,card0018,whgu0274,1,24.0,5.0
1981,bioc0212,whgu0274,1,247.0,5.0
1982,RALP2,LV225,1,372.0,86.0
1984,MPA28,PHJ20,1,373.0,196.0
1987,mjg40,TM418,1,190.0,369.0
1988,immd0499,SPJ13,1,218.0,93.0
1989,KMB1001,DJL15,1,43.0,102.0
1990,KMB1001,mjg40,1,43.0,190.0
1991,FAG1000,mjg40,1,44.0,190.0
1992,AGL22,KMB1001,1,198.0,43.0
1993,CEM45,KMB1001,1,87.0,43.0
1995,DEN22,KMB1001,1,11.0,43.0
1996,DEN22,CEM45,2,11.0,87.0
1997,BG200,gm263,2,186.0,209.0
1998,BJPH2,gm263,2,159.0,209.0
1999,BJPH2,BG200,2,159.0,186.0
2000,KO268,gm263,2,187.0,209.0
2001,KO268,BG200,2,187.0,186.0
2002,KO268,BJPH2,2,187.0,159.0
2005,DRS36,TLB20,1,331.0,173.0
2006,immd0023,immd0084,1,201.0,92.0
2008,ndos0723,FMW22,1,320.0,35.0
2009,clme0169,ctsu0165,1,76.0,115.0
2010,clme0193,clme0149,1,275.0,65.0
2012,JDB1003,SC10021,1,103.0,168.0
2013,NR343,SC10021,1,375.0,168.0
2014,NR343,JDB1003,1,375.0,103.0
2016,DO261,JC553,1,296.0,288.0
2018,olin0014,immd0282,1,229.0,181.0
2021,whgu0378,TGQE2,1,4.0,138.0
2022,whgu0378,NJW1004,2,4.0,319.0
2023,card0027,TGQE2,1,117.0,138.0
2024,card0027,DFE20,1,117.0,72.0
2025,clne0024,clme0220,1,140.0,38.0
2026,immd0330,clab0101,2,167.0,95.0
2027,MJM16,NC109,6,377.0,74.0
2030,path0511,clab0035,1,60.0,32.0
2032,clph0059,card0025,1,133.0,23.0
2033,TDL2,GIE20,1,338.0,144.0
2034,gsv20,gm263,1,379.0,209.0
2035,gsv20,BG200,1,379.0,186.0
2036,gsv20,BJPH2,1,379.0,159.0
2037,gsv20,KO268,1,379.0,187.0
2038,stat0004,ACA20,1,49.0,71.0
2039,whgu0172,SPJ13,1,1.0,93.0
2040,raob0005,SPJ13,1,362.0,93.0
2041,IRB21,SVL1000,1,183.0,45.0
2044,DO202,HRM28,1,381.0,147.0
2046,DFE20,ACA20,2,72.0,71.0
2047,KBK21,ACA20,1,22.0,71.0
2048,KBK21,DFE20,1,22.0,72.0
2049,MDT33,ACA20,1,58.0,71.0
2050,MDT33,DFE20,1,58.0,72.0
2051,whgu0527,AMD24,1,211.0,14.0
2052,whgu0527,PP10001,1,211.0,16.0
2053,whgu0527,ACA20,1,211.0,71.0
2054,whgu0527,DFE20,1,211.0,72.0
2055,whgu0527,NJW1004,1,211.0,319.0
2059,GIE20,FM319,1,144.0,346.0
2060,TDL2,FM319,1,338.0,346.0
2064,AAS41,RD439,2,383.0,788.0
2066,DK10012,EDL1,1,233.0,129.0
2068,smlea,clme0149,1,128.0,65.0
2069,FR269,DIJ21,3,215.0,112.0
2071,LSI10,MEW10,1,384.0,20.0
2073,clme0497,SVL1000,1,41.0,45.0
2074,UFK20,KC370,1,184.0,303.0
2075,ERC24,KC370,1,108.0,303.0
2076,gree1192,CJW53,1,10.0,137.0
2077,GL290,DEN22,2,297.0,11.0
2078,gree1192,JLG40,2,10.0,131.0
2079,gree1499,JLG40,2,73.0,131.0
2080,KK101,JLG40,1,0.0,131.0
2081,NJW1004,JLG40,1,319.0,131.0
2085,TK106,AG229,1,386.0,239.0
2086,TGQE2,SCP46,1,138.0,356.0
2087,bioc0416,raob0189,1,134.0,79.0
2089,AL499,CEM45,1,387.0,87.0
2090,AL499,DEN22,3,387.0,11.0
2096,JC553,DEN22,1,288.0,11.0
2097,clme0439,ocms0064,2,326.0,266.0
2098,clme0975,clme0169,1,31.0,76.0
2099,clme0169,immd0023,1,76.0,201.0
2101,EPM27,cattc107,2,310.0,491.0
2103,NC109,DEN22,1,74.0,11.0
2104,KBM1000,DFE20,1,317.0,72.0
2105,raob0072,wolf1917,1,26.0,195.0
2106,clme0975,wolf1917,1,31.0,195.0
2107,molb0002,CER51,1,52.0,370.0
2110,clme0485,clme0494,1,248.0,27.0
2111,clme0494,immd0151,1,27.0,29.0
2112,clme0494,immd0036,1,27.0,217.0
2114,gree0184,ctsu0165,2,101.0,115.0
2115,clme1651,GL290,1,340.0,297.0
2116,whgu0274,CF366,3,5.0,382.0
2118,clme0220,PHM29,1,38.0,300.0
2119,immd0316,PHM29,1,34.0,300.0
2120,clme0237,immd0151,2,77.0,29.0
2121,AA461,DEN22,1,12.0,11.0
2122,x_b03,SB10031,1,291.0,141.0
2123,TL347,KMB1001,1,224.0,43.0
2125,clme0240,immd0237,1,3.0,2.0
2126,clme0240,whgu0256,1,3.0,67.0
2127,whgu0378,whgu0256,1,4.0,67.0
2128,clme0301,ERM1000,1,180.0,329.0
2129,KK101,AS889,1,0.0,88.0
2130,NJW1004,AS889,1,319.0,88.0
2132,JDB1003,PAWE1,1,103.0,235.0
2133,RSJ33,JLG40,1,109.0,131.0
2134,PAWE1,cattc107,2,235.0,491.0
2137,KK101,AA461,2,0.0,12.0
2139,ndos0159,whgu0142,1,388.0,40.0
2140,ndos0159,clme0497,1,388.0,41.0
2142,PP10001,NGB21,2,16.0,63.0
2143,JG477,DIJ21,1,104.0,112.0
2145,GMT11,AHG13,2,389.0,116.0
2147,AGL22,NS421,1,198.0,236.0
2148,st321,NS421,1,19.0,236.0
2149,clme0237,whgu0408,1,77.0,298.0
2150,clme0237,whgu0378,1,77.0,4.0
2151,CJW53,KH387,1,137.0,6.0
2153,ABJ26,CFK23,1,390.0,301.0
2154,clme0220,fjg28,1,38.0,250.0
2155,immd0282,bioc0801,1,181.0,243.0
2158,immd0036,immd0075,1,217.0,208.0
2159,UFK20,AMD3,1,184.0,306.0
2161,SJP58,SP577,1,241.0,69.0
2164,card0027,ctsu0165,1,117.0,115.0
2165,PP10001,st321,1,16.0,19.0
2166,JDB1003,st321,1,103.0,19.0
2167,immd0330,EJB60,1,167.0,89.0
2168,immd0556,EJB60,1,54.0,89.0
2169,mjg40,DJL15,1,190.0,102.0
2170,immd0024,CEM45,1,68.0,87.0
2171,immd0024,AS889,1,68.0,88.0
2172,immd0024,EJB60,1,68.0,89.0
2173,immd0024,AJW1000,1,68.0,90.0
2174,immd0024,cattc107,1,68.0,491.0
2175,clab0035,CEM45,1,32.0,87.0
2176,clab0035,AS889,1,32.0,88.0
2177,clab0035,EJB60,1,32.0,89.0
2178,clab0035,AJW1000,1,32.0,90.0
2179,clab0035,cattc107,1,32.0,491.0
2180,clab0101,CEM45,1,95.0,87.0
2181,clab0101,AS889,1,95.0,88.0
2182,clab0101,EJB60,1,95.0,89.0
2183,clab0101,AJW1000,1,95.0,90.0
2184,clab0101,cattc107,1,95.0,491.0
2185,DIJ21,FVG20,1,112.0,176.0
2186,FR269,FVG20,1,215.0,176.0
2187,SVL1000,FVG20,1,45.0,176.0
2188,SVL1000,DIJ21,1,45.0,112.0
2189,AB454,FVG20,1,85.0,176.0
2190,AB454,DIJ21,1,85.0,112.0
2191,AB454,SVL1000,1,85.0,45.0
2192,PJB91,FVG20,1,47.0,176.0
2193,PJB91,DIJ21,1,47.0,112.0
2194,PJB91,SVL1000,2,47.0,45.0
2195,RMM32,FVG20,1,48.0,176.0
2196,RMM32,DIJ21,1,48.0,112.0
2197,RMM32,SVL1000,4,48.0,45.0
2198,RMM32,AB454,1,48.0,85.0
2200,FAG1000,KMB1001,2,44.0,43.0
2202,OAS23,CA26,1,39.0,185.0
2204,SK10023,MQD20,2,344.0,323.0
2205,CG348,AS889,1,231.0,88.0
2207,CJW53,SP580,1,137.0,80.0
2208,PAK29,SP580,1,367.0,80.0
2209,card0027,stat0004,2,117.0,49.0
2210,card0027,gree0184,1,117.0,101.0
2212,lina0435,JT233,1,166.0,234.0
2214,DSCJ1,SVL1000,1,46.0,45.0
2215,PJB91,DSCJ1,1,47.0,46.0
2216,RMM32,DSCJ1,1,48.0,46.0
2217,RMM32,PJB91,1,48.0,47.0
2218,JDB1003,SVL1000,1,103.0,45.0
2219,JDB1003,DSCJ1,1,103.0,46.0
2220,JDB1003,PJB91,1,103.0,47.0
2221,JDB1003,RMM32,1,103.0,48.0
2223,quee1607,whgu0378,1,78.0,4.0
2224,immd0084,MN332,1,92.0,295.0
2225,immd0198,MN332,1,251.0,295.0
2227,immd0100,clme0219,1,82.0,81.0
2228,lina0435,NJW1004,1,166.0,319.0
2229,TB507,DJL15,2,385.0,102.0
2231,TK106,EDL1,1,386.0,129.0
2233,gree1024,clme0845,1,200.0,148.0
2234,DFE20,DEN22,1,72.0,11.0
2236,clme0485,clab0127,1,248.0,244.0
2238,FAG1000,VJG29,1,44.0,118.0
2239,TB507,VJG29,1,385.0,118.0
2240,TB507,FAG1000,1,385.0,44.0
2243,HL316,DEN25,1,8.0,207.0
2244,SR504,DEN25,1,394.0,207.0
2245,PP10001,CC234,1,16.0,13.0
